Rk,Year,Rnd,Pick,Name,Pos,DrAge,Tm,From,To,AP1,PB,St,CarAV,G,GS,QBrec,Cmp,PAtt,PYds,PTD,Int,RAtt,RYds,RTD,College
1,2015,1,1,Jameis Winston,QB,21,TAM,2015,2015,0,0,1,,16,16,6-10-0,312,535,4042,22,15,53,210,6,Florida St.
2,2015,1,2,Marcus Mariota,QB,21,TEN,2015,2015,0,0,1,,12,12,3-9-0,230,370,2818,19,10,34,252,2,Oregon
3,2015,3,75,Garrett Grayson,QB,24,NOR,2015,2015,0,0,0,,1,0,,,,,,,,,,Colorado St.
4,2015,3,89,Sean Mannion,QB,23,STL,2015,2015,0,0,0,,1,0,,6,7,31,0,0,,,,Oregon St.
5,2015,4,103,Bryce Petty,QB,24,NYJ,,,0,0,0,,,,,,,,,,,,,Baylor
6,2015,5,147,Brett Hundley,QB,22,GNB,,,0,0,0,,,,,,,,,,,,,UCLA
7,2015,7,250,Trevor Siemian,QB,22,DEN,2015,2015,0,0,0,,1,0,,,,,,,1,-1,0,Northwestern
8,2014,1,3,Blake Bortles,QB,22,JAX,2014,2015,0,0,2,5,30,29,8-21-0,635,1081,7336,46,35,108,729,2,Central Florida
9,2014,1,22,Johnny Manziel,QB,21,CLE,2014,2015,0,0,0,1,15,8,2-6-0,147,258,1675,7,7,46,259,1,Texas A&M
10,2014,1,32,Teddy Bridgewater,QB,21,MIN,2014,2015,0,0,2,9,29,28,17-11-0,551,849,6150,28,21,91,401,4,Louisville
11,2014,2,36,Derek Carr,QB,23,OAK,2014,2015,0,0,2,5,32,32,10-22-0,698,1172,7257,53,25,62,230,0,Fresno St.
12,2014,2,62,Jimmy Garoppolo,QB,22,NWE,2014,2015,0,0,0,1,11,0,,20,31,188,1,0,15,4,0,East. Illinois
13,2014,4,120,Logan Thomas,QB,23,ARI,2014,2014,0,0,0,0,2,0,,1,9,81,1,0,,,,Virginia Tech
14,2014,4,135,Tom Savage,QB,24,HOU,2014,2014,0,0,0,0,2,0,,10,19,127,0,1,6,-6,0,Pittsburgh
15,2014,5,163,Aaron Murray,QB,23,KAN,2014,2014,0,0,0,0,0,,,,,,,,,,,Georgia
16,2014,5,164,A.J. McCarron,QB,23,CIN,2014,2015,0,0,0,0,7,3,2-1-0,79,119,854,6,2,14,31,0,Alabama
17,2014,6,178,Zach Mettenberger,QB,23,TEN,2014,2015,0,0,0,3,14,10,0-10-0,208,345,2347,12,14,14,12,1,LSU
18,2014,6,183,David Fales,QB,23,CHI,2014,2014,0,0,0,0,0,,,,,,,,,,,San Jose St.
19,2014,6,194,Keith Wenning,QB,23,BAL,2014,2014,0,0,0,0,0,,,,,,,,,,,Ball St.
20,2014,6,213,Tajh Boyd,QB,23,NYJ,,,0,0,0,,,,,,,,,,,,,Clemson
21,2014,6,214,Garrett Gilbert,QB,23,STL,2014,2014,0,0,0,0,0,,,,,,,,,,,SMU
22,2013,1,16,EJ Manuel,QB,23,BUF,2013,2015,0,0,1,7,22,16,6-10-0,308,521,3371,19,15,86,302,4,Florida St.
23,2013,2,39,Geno Smith,QB,22,NYJ,2013,2015,0,0,2,13,31,29,11-18-0,493,852,5836,27,35,133,638,7,West Virginia
24,2013,3,73,Mike Glennon,QB,23,TAM,2013,2014,0,0,1,11,19,18,5-13-0,364,619,4025,29,15,37,86,0,North Carolina St.
25,2013,4,98,Matt Barkley,QB,22,PHI,2013,2014,0,0,0,1,4,0,,30,50,300,0,4,5,-2,0,USC
26,2013,4,110,Ryan Nassib,QB,23,NYG,2013,2015,0,0,0,0,5,0,,9,10,128,1,0,2,-3,0,Syracuse
27,2013,4,112,Tyler Wilson,QB,24,OAK,2013,2013,0,0,0,0,0,,,,,,,,,,,Arkansas
28,2013,4,115,Landry Jones,QB,24,PIT,2013,2015,0,0,0,0,8,2,1-1-0,32,55,513,3,4,5,-5,0,Oklahoma
29,2013,7,221,Brad Sorensen,QB,25,SDG,2013,2014,0,0,0,0,0,,,,,,,,,,,Southern Utah
30,2013,7,234,Zac Dysert,QB,23,DEN,2013,2014,0,0,0,0,0,,,,,,,,,,,Miami (OH)
31,2013,7,237,B.J. Daniels,QB,23,SFO,2013,2015,0,0,0,0,8,0,,1,2,7,0,0,6,6,0,South Florida
32,2013,7,249,Sean Renfree,QB,23,ATL,2013,2015,0,0,0,0,2,0,,3,7,11,0,1,1,-4,0,Duke
33,2012,1,1,Andrew Luck,QB,22,IND,2012,2015,0,3,3,42,55,55,35-20-0,1224,2106,14838,101,55,222,1101,12,Stanford
34,2012,1,2,Robert Griffin,QB,22,WAS,2012,2014,0,1,2,32,37,35,14-21-0,679,1063,8097,40,23,244,1480,8,Baylor
35,2012,1,8,Ryan Tannehill,QB,24,MIA,2012,2015,0,0,4,32,64,64,29-35-0,1392,2248,15460,87,54,177,901,5,Texas A&M
36,2012,1,22,Brandon Weeden,QB,28,CLE,2012,2015,0,0,1,12,34,25,6-19-0,559,965,6463,31,30,61,201,1,Oklahoma St.
37,2012,2,57,Brock Osweiler,QB,21,DEN,2012,2015,0,0,0,0,21,7,5-2-0,187,305,2126,11,6,40,50,1,Arizona St.
38,2012,3,75,Russell Wilson,QB,23,SEA,2012,2015,0,2,4,46,64,64,46-18-0,1123,1735,13974,106,34,411,2430,12,Wisconsin
39,2012,3,88,Nick Foles,QB,23,PHI,2012,2015,0,1,3,19,39,35,19-16-0,740,1230,8805,53,27,101,351,5,Arizona
40,2012,4,102,Kirk Cousins,QB,24,WAS,2012,2015,0,0,1,4,30,25,11-14-0,619,950,7196,47,30,40,104,5,Michigan St.
41,2012,6,185,Ryan Lindley,QB,23,ARI,2012,2015,0,0,0,-3,10,6,1-5-0,140,274,1372,3,11,4,7,0,San Diego St.
42,2012,7,243,B.J. Coleman,QB,23,GNB,2012,2012,0,0,0,0,,,,,,,,,,,,Tenn-Chattanooga
43,2012,7,253,Chandler Harnish,QB,24,IND,2012,2014,0,0,0,0,0,,,,,,,,,,,Northern Illinois
44,2011,1,1,Cam Newton,QB,22,CAR,2011,2015,1,2,5,56,78,78,45-32-1,1440,2419,18263,117,64,599,3207,43,Auburn
45,2011,1,8,Jake Locker,QB,23,TEN,2011,2014,0,0,1,15,30,23,9-14-0,408,709,4967,27,22,95,644,5,Washington
46,2011,1,10,Blaine Gabbert,QB,21,JAX,2011,2015,0,0,2,7,37,35,8-27-0,595,1066,6426,33,31,108,376,1,Missouri
47,2011,1,12,Christian Ponder,QB,23,MIN,2011,2014,0,0,3,22,38,36,14-21-1,632,1057,6658,38,36,126,639,7,Florida St.
48,2011,2,35,Andy Dalton,QB,23,CIN,2011,2015,0,2,5,43,77,77,50-26-1,1556,2497,18008,124,73,262,766,14,TCU
49,2011,2,36,Colin Kaepernick,QB,23,SFO,2011,2015,0,0,2,34,57,47,27-20-0,815,1361,10030,56,26,306,1832,11,Nevada
50,2011,3,74,Ryan Mallett,QB,23,NWE,2011,2015,0,0,0,1,15,8,3-5-0,178,323,1753,7,9,19,4,1,Arkansas
51,2011,3,1,Terrelle Pryor,QB,22,OAK,2011,2015,0,0,1,7,18,12,3-7-0,170,302,1953,9,12,94,626,3,Ohio St.
52,2011,5,135,Ricky Stanzi,QB,24,KAN,2011,2014,0,0,0,0,0,0,,,,,,,,,,Iowa
53,2011,5,152,T.J. Yates,QB,24,HOU,2011,2015,0,0,0,3,18,7,4-3-0,132,227,1534,6,8,23,56,1,North Carolina
54,2011,5,160,Nathan Enderle,QB,23,CHI,2011,2011,0,0,0,0,0,0,,,,,,,,,,Idaho
55,2011,6,180,Tyrod Taylor,QB,22,BAL,2011,2015,0,0,1,1,28,14,7-6-0,261,415,3234,20,8,131,704,5,Virginia Tech
56,2011,7,208,Greg McElroy,QB,23,NYJ,2011,2013,0,0,0,1,2,1,0-1-0,19,31,214,1,1,8,30,0,Alabama
57,2010,1,1,Sam Bradford,QB,22,STL,2010,2015,0,0,4,25,63,63,25-37-1,1378,2292,14790,78,52,123,286,2,Oklahoma
58,2010,1,25,Tim Tebow,QB,23,DEN,2010,2012,0,0,1,12,35,16,8-6-0,173,361,2422,17,9,197,989,12,Florida
59,2010,2,48,Jimmy Clausen,QB,22,CAR,2010,2015,0,0,1,1,22,14,1-13-0,255,472,2520,7,14,37,102,0,Notre Dame
60,2010,3,85,Colt McCoy,QB,24,CLE,2010,2015,0,0,2,12,34,25,7-18-0,508,842,5586,26,23,118,420,2,Texas
61,2010,4,122,Mike Kafka,QB,23,PHI,2011,2014,0,0,0,0,4,0,,11,16,107,0,2,3,0,0,Northwestern
62,2010,5,155,John Skelton,QB,22,ARI,2010,2013,0,0,0,4,20,17,8-9-0,320,602,3707,15,25,42,182,0,Fordham
63,2010,5,168,Jonathan Crompton,QB,23,SDG,2011,2011,0,0,0,0,0,0,,,,,,,,,,Tennessee
64,2010,6,176,Rusty Smith,QB,23,TEN,2010,2013,0,0,0,1,3,1,0-1-0,23,45,234,0,4,,,,Florida Atlantic
65,2010,6,181,Dan LeFevour,QB,23,CHI,2011,2011,0,0,0,0,0,0,,,,,,,,,,Central Michigan
66,2010,6,204,Tony Pike,QB,24,CAR,2010,2010,0,0,0,0,1,0,,6,12,47,0,0,,,,Cincinnati
67,2010,7,209,Levi Brown,QB,23,BUF,2010,2010,0,0,0,0,1,0,,2,3,24,0,1,,,,Troy
68,2010,7,239,Sean Canfield,QB,24,NOR,,,0,0,0,,,,,,,,,,,,,Oregon St.
69,2010,7,250,Zac Robinson,QB,23,NWE,2011,2013,0,0,0,0,0,0,,,,,,,,,,Oklahoma St.
70,2009,1,1,Matthew Stafford,QB,21,DET,2009,2015,0,1,6,53,93,93,42-51-0,2246,3691,25976,163,98,205,644,12,Georgia
71,2009,1,5,Mark Sanchez,QB,22,NYJ,2009,2015,0,0,5,33,75,72,37-35-0,1285,2267,15126,86,84,165,451,13,USC
72,2009,1,17,Josh Freeman,QB,21,TAM,2009,2015,0,0,4,38,62,61,25-36-0,1179,2048,13873,81,68,205,946,4,Kansas St.
73,2009,2,44,Pat White,QB,23,MIA,2009,2013,0,0,0,1,13,0,,0,5,0,0,0,21,81,0,West Virginia
74,2009,4,101,Stephen McGee,QB,23,DAL,2010,2011,0,0,0,2,3,1,1-0-0,46,82,420,3,0,17,102,0,Texas A&M
75,2009,5,151,Rhett Bomar,QB,24,NYG,,,0,0,0,,,,,,,,,,,,,Sam Houston St.
76,2009,5,171,Nate Davis,QB,22,SFO,,,0,0,0,,,,,,,,,,,,,Ball St.
77,2009,6,174,Tom Brandstater,QB,24,DEN,2011,2011,0,0,0,0,1,0,,0,2,0,0,0,,,,Fresno St.
78,2009,6,178,Mike Teel,QB,23,SEA,,,0,0,0,,,,,,,,,,,,,Rutgers
79,2009,6,196,Keith Null,QB,23,STL,2009,2009,0,0,0,1,4,4,0-4-0,73,119,566,3,9,5,6,0,West Texas A&M
80,2009,6,201,Curtis Painter,QB,24,IND,2009,2013,0,0,1,2,14,8,0-8-0,148,287,1681,6,13,23,109,0,Purdue
81,2008,1,3,Matt Ryan,QB,23,ATL,2008,2015,0,3,8,86,126,126,74-52-0,2915,4530,32757,202,107,285,763,5,Boston Col.
82,2008,1,18,Joe Flacco,QB,23,BAL,2008,2015,0,0,8,72,122,122,75-47-0,2479,4070,28322,162,102,280,654,13,Delaware
83,2008,2,56,Brian Brohm,QB,22,GNB,2009,2010,0,0,0,0,3,2,0-2-0,27,52,252,0,5,3,-3,0,Louisville
84,2008,2,57,Chad Henne,QB,23,MIA,2008,2014,0,0,3,27,64,53,18-35-0,1159,1954,12931,58,63,116,362,3,Michigan
85,2008,3,94,Kevin O'Connell,QB,23,NWE,2008,2011,0,0,0,0,2,0,,4,6,23,0,0,3,-6,0,San Diego St.
86,2008,5,137,John David Booty,QB,,MIN,,,0,0,0,,,,,,,,,,,,,USC
87,2008,5,156,Dennis Dixon,QB,23,PIT,2008,2014,0,0,0,2,4,3,2-1-0,35,59,402,1,2,10,56,1,Oregon
88,2008,5,160,Josh Johnson,QB,22,TAM,2009,2014,0,0,0,4,29,5,0-5-0,96,177,1042,5,10,44,274,0,San Diego
89,2008,5,162,Erik Ainge,QB,22,NYJ,,,0,0,0,,,,,,,,,,,,,Tennessee
90,2008,6,186,Colt Brennan,QB,25,WAS,,,0,0,0,,,,,,,,,,,,,Hawaii
91,2008,6,198,Andre Woodson,QB,24,NYG,,,0,0,0,,,,,,,,,,,,,Kentucky
92,2008,7,209,Matt Flynn,QB,23,GNB,2008,2014,0,0,0,8,53,7,3-4-0,219,357,2541,17,11,65,69,1,LSU
93,2008,7,223,Alex Brink,QB,23,HOU,,,0,0,0,,,,,,,,,,,,,Washington St.
94,2007,1,1,JaMarcus Russell,QB,22,OAK,2007,2009,0,0,2,6,31,25,7-18-0,354,680,4083,18,23,40,175,1,LSU
95,2007,1,22,Brady Quinn,QB,22,CLE,2007,2013,0,0,2,2,24,20,4-16-0,296,550,3043,12,17,44,185,1,Notre Dame
96,2007,2,36,Kevin Kolb,QB,23,PHI,2007,2013,0,0,1,12,34,21,9-12-0,449,755,5206,28,25,69,229,2,Houston
97,2007,2,40,John Beck,QB,26,MIA,2007,2011,0,0,0,4,9,7,0-7-0,140,239,1417,3,7,19,55,3,BYU
98,2007,2,43,Drew Stanton,QB,23,DET,2008,2015,0,0,1,9,28,12,7-5-0,247,452,2973,12,16,68,216,2,Michigan St.
99,2007,3,92,Trent Edwards,QB,23,BUF,2007,2012,0,0,2,17,38,33,14-19-0,563,929,6033,26,30,78,330,3,Stanford
100,2007,4,103,Isaiah Stanback,QB,23,DAL,2007,2012,0,0,0,0,22,2,,,,,,,,,,Washington
101,2007,5,151,Jeff Rowe,QB,23,CIN,2007,2007,0,0,0,0,2,0,,,,,,,,,,Nevada
102,2007,5,174,Troy Smith,QB,23,BAL,2007,2010,0,0,0,6,20,8,4-4-0,121,234,1734,8,5,52,230,3,Ohio St.
103,2007,6,205,Jordan Palmer,QB,23,WAS,2008,2014,0,0,0,0,5,0,,11,18,66,0,2,2,3,0,Texas-El Paso
104,2007,7,217,Tyler Thigpen,QB,23,MIN,2007,2014,0,0,1,10,29,12,1-11-0,275,509,3222,21,18,79,469,3,Coastal Carolina
105,2006,1,3,Vince Young,QB,23,TEN,2006,2011,0,2,4,33,60,50,31-19-0,755,1304,8964,46,51,282,1459,12,Texas
106,2006,1,10,Matt Leinart,QB,23,ARI,2006,2012,0,0,1,12,33,18,8-10-0,366,641,4065,15,21,47,89,2,USC
107,2006,1,11,Jay Cutler,QB,23,DEN,2006,2015,0,1,9,72,134,134,67-67-0,2701,4354,31408,204,141,362,1626,9,Vanderbilt
108,2006,2,49,Kellen Clemens,QB,23,NYJ,2006,2015,0,0,2,10,44,21,8-13-0,344,629,4017,16,20,78,233,3,Oregon
109,2006,2,64,Tarvaris Jackson,QB,23,MIN,2006,2015,0,0,2,21,59,34,17-17-0,640,1073,7263,39,35,171,636,6,Alabama St.
110,2006,3,81,Charlie Whitehurst,QB,24,SDG,2006,2015,0,0,0,7,25,9,2-7-0,205,372,2281,10,7,54,155,2,Clemson
111,2006,3,85,Brodie Croyle,QB,23,KAN,2006,2010,0,0,0,2,18,10,0-10-0,181,319,1669,8,9,10,15,0,Alabama
112,2006,4,103,Brad Smith,QB,22,NYJ,2006,2014,0,0,1,17,127,24,,4,10,51,1,2,134,972,4,Missouri
113,2006,5,148,Ingle Martin,QB,24,GNB,2006,2006,0,0,0,0,1,0,,,,,,,2,-5,0,Furman
114,2006,5,164,Omar Jacobs,QB,,PIT,,,0,0,0,,,,,,,,,,,,,Bowling Green
115,2006,6,193,Reggie McNeal,QB,22,CIN,2006,2006,0,0,0,0,7,0,,,,,,,1,8,0,Texas A&M
116,2006,6,194,Bruce Gradkowski,QB,23,TAM,2006,2014,0,0,1,8,37,20,6-14-0,375,709,4057,21,24,88,329,0,Toledo
117,2006,7,223,D.J. Shockley,QB,,ATL,,,0,0,0,,,,,,,,,,,,,Georgia
118,2005,1,1,Alex Smith,QB,21,SFO,2005,2015,0,1,8,56,126,121,68-52-1,2208,3619,24344,142,83,421,1944,8,Utah
119,2005,1,24,Aaron Rodgers,QB,21,GNB,2005,2015,2,4,8,103,126,119,80-39-0,2633,4047,32399,257,65,434,2175,21,California
120,2005,1,25,Jason Campbell,QB,23,WAS,2006,2014,0,0,5,47,90,79,32-47-0,1519,2518,16771,87,60,240,1204,6,Auburn
121,2005,3,67,Charlie Frye,QB,24,CLE,2005,2009,0,0,1,8,26,23,7-16-0,419,676,4154,17,29,72,347,4,Akron
122,2005,3,69,Andrew Walter,QB,23,OAK,2006,2008,0,0,1,1,15,9,2-7-0,174,333,1919,3,16,19,49,0,Arizona St.
123,2005,3,85,David Greene,QB,,SEA,,,0,0,0,,,,,,,,,,,,,Georgia
124,2005,4,106,Kyle Orton,QB,22,CHI,2005,2014,0,0,5,41,87,82,42-40-0,1613,2712,18037,101,69,126,296,4,Purdue
125,2005,4,121,Stefan Lefors,QB,,CAR,,,0,0,0,,,,,,,,,,,,,Louisville
126,2005,5,145,Dan Orlovsky,QB,22,DET,2005,2015,0,0,0,6,27,12,2-10-0,298,512,3132,15,13,13,34,0,Connecticut
127,2005,5,152,Adrian McPherson,QB,,NOR,,,0,0,0,,,,,,,,,,,,,Florida St.
128,2005,6,213,Derek Anderson,QB,22,BAL,2006,2015,0,1,3,21,68,45,20-25-0,829,1543,9943,58,55,98,225,5,Oregon St.
129,2005,7,229,James Kilian,QB,,KAN,,,0,0,0,,,,,,,,,,,,,Tulsa
130,2005,7,230,Matt Cassel,QB,23,NWE,2005,2015,0,1,5,45,100,79,35-44-0,1516,2574,17003,101,77,262,1009,5,USC
131,2005,7,250,Ryan Fitzpatrick,QB,22,STL,2005,2015,0,0,8,48,113,105,43-61-1,2087,3473,23178,154,116,405,1869,13,Harvard
132,2004,1,1,Eli Manning,QB,23,SDG,2004,2015,0,3,11,93,185,183,97-86-0,3695,6227,44191,294,199,263,523,5,Mississippi
133,2004,1,4,Philip Rivers,QB,22,NYG,2004,2015,0,5,10,113,164,160,92-68-0,3462,5339,41447,281,135,303,540,3,North Carolina St.
134,2004,1,11,Ben Roethlisberger,QB,22,PIT,2004,2015,0,3,12,100,171,169,113-56-0,3476,5423,42995,272,147,393,1191,15,Miami (OH)
135,2004,1,22,J.P. Losman,QB,23,BUF,2004,2011,0,0,2,19,45,33,10-23-0,564,952,6271,33,34,105,490,3,Tulane
136,2004,3,90,Matt Schaub,QB,23,ATL,2004,2015,0,2,7,68,141,92,47-45-0,2092,3271,24851,133,90,187,362,4,Virginia
137,2004,4,106,Luke McCown,QB,23,CLE,2004,2015,0,0,0,7,62,10,2-8-0,216,356,2370,9,15,34,177,0,Louisiana Tech
138,2004,5,148,Craig Krenzel,QB,23,CHI,2004,2004,0,0,0,1,6,5,3-2-0,59,127,718,3,6,18,41,0,Ohio St.
139,2004,6,185,Andy Hall,QB,23,PHI,2005,2005,0,0,0,0,1,0,,,,,,,,,,Delaware
140,2004,6,187,Josh Harris,QB,,BAL,,,0,0,0,,,,,,,,,,,,,Bowling Green
141,2004,6,193,Jim Sorgi,QB,23,IND,2004,2009,0,0,0,5,16,0,,99,156,929,6,1,31,0,0,Wisconsin
142,2004,6,201,Jeff Smoker,QB,,STL,,,0,0,0,,,,,,,,,,,,,Michigan St.
143,2004,7,202,John Navarre,QB,23,ARI,2004,2005,0,0,0,0,2,1,0-1-0,32,64,342,2,5,,,,Michigan
144,2004,7,217,Cody Pickett,QB,24,SFO,2004,2005,0,0,0,1,6,2,0-2-0,18,45,195,0,4,14,47,0,Washington
145,2004,7,218,Casey Bramlet,QB,,CIN,,,0,0,0,,,,,,,,,,,,,Wyoming
146,2004,7,225,Matt Mauck,QB,25,DEN,2005,2005,0,0,0,1,2,1,0-1-0,15,27,136,0,1,7,39,0,LSU
147,2004,7,248,B.J. Symons,QB,,HOU,,,0,0,0,,,,,,,,,,,,,Texas Tech
148,2004,7,250,Bradlee Van Pelt,QB,24,DEN,2005,2005,0,0,0,0,3,0,,2,8,7,0,0,11,48,1,Colorado St.
149,2003,1,1,Carson Palmer,QB,23,CIN,2004,2015,0,2,10,84,160,159,83-76-0,3413,5443,40036,259,166,273,424,8,USC
150,2003,1,7,Byron Leftwich,QB,23,JAX,2003,2012,0,0,3,33,60,50,24-26-0,930,1605,10532,58,42,137,415,10,Marshall
151,2003,1,19,Kyle Boller,QB,22,BAL,2003,2011,0,0,4,17,67,47,20-27-0,861,1519,8931,48,54,176,572,2,California
152,2003,1,22,Rex Grossman,QB,23,CHI,2003,2013,0,0,2,23,54,47,25-22-0,863,1562,10232,56,60,81,106,4,Florida
153,2003,3,88,Dave Ragone,QB,23,HOU,2003,2003,0,0,0,1,2,2,0-2-0,20,40,135,0,1,6,51,0,Louisville
154,2003,3,97,Chris Simms,QB,23,TAM,2004,2009,0,0,1,8,23,16,7-9-0,297,511,3117,12,18,33,48,1,Texas
155,2003,4,110,Seneca Wallace,QB,23,SEA,2005,2013,0,0,1,14,64,22,6-16-0,468,788,4947,31,19,68,293,1,Iowa St.
156,2003,5,163,Brian St. Pierre,QB,23,PIT,2004,2010,0,0,0,0,3,1,0-1-0,15,33,185,2,3,5,-1,0,Boston Col.
157,2003,6,192,Drew Henson,QB,23,HOU,2004,2008,0,0,0,0,9,1,1-0-0,11,20,98,1,1,1,7,0,Michigan
158,2003,6,200,Brooks Bollinger,QB,23,NYJ,2004,2008,0,0,1,6,21,10,2-8-0,211,360,2226,9,9,41,155,0,Wisconsin
159,2003,6,201,Kliff Kingsbury,QB,24,NWE,2005,2005,0,0,0,0,1,0,,1,2,17,0,0,,,,Texas Tech
160,2003,7,232,Gibran Hamdan,QB,22,WAS,2003,2003,0,0,0,0,1,0,,1,2,7,0,0,,,,Indiana
161,2003,7,241,Ken Dorsey,QB,22,SFO,2004,2008,0,0,0,1,17,13,2-11-0,214,408,2082,8,18,11,18,0,Miami (FL)
162,2002,1,1,David Carr,QB,23,HOU,2002,2012,0,0,5,44,94,79,23-56-0,1353,2267,14452,65,71,305,1328,9,Fresno St.
163,2002,1,3,Joey Harrington,QB,23,DET,2002,2007,0,0,6,30,81,76,26-50-0,1424,2538,14693,79,85,142,402,0,Oregon
164,2002,1,32,Patrick Ramsey,QB,23,WAS,2002,2008,0,0,1,14,37,24,10-14-0,511,913,5930,35,30,47,89,2,Tulane
165,2002,3,81,Josh McCown,QB,23,ARI,2002,2015,0,0,3,27,77,57,18-39-0,1164,1956,13142,73,63,197,931,8,Sam Houston St.
166,2002,4,108,David Garrard,QB,24,JAX,2002,2013,0,1,5,61,86,76,39-37-0,1406,2281,16003,89,54,380,1746,17,East Carolina
167,2002,4,117,Rohan Davey,QB,24,NWE,2002,2004,0,0,0,0,7,0,,8,19,88,0,0,6,-5,0,LSU
168,2002,5,137,Randy Fasani,QB,23,CAR,2002,2002,0,0,0,1,4,1,0-1-0,15,44,171,0,4,18,95,0,Stanford
169,2002,5,158,Kurt Kittner,QB,22,ATL,2003,2003,0,0,0,1,7,4,1-3-0,44,114,391,2,6,8,13,0,Illinois
170,2002,5,163,Brandon Doman,QB,,SFO,,,0,0,0,,,,,,,,,,,,,BYU
171,2002,5,164,Craig Nall,QB,23,GNB,2003,2007,0,0,0,1,7,0,,30,48,402,5,0,10,11,0,LSU
172,2002,6,186,J.T. O'Sullivan,QB,23,NOR,2004,2009,0,0,1,6,17,8,2-6-0,145,257,1866,9,13,39,145,0,California-Davis
173,2002,6,205,Steve Bellisari,QB,,STL,,,0,0,0,,,,,,,,,,,,,Ohio St.
174,2002,7,216,Seth Burford,QB,,SDG,,,0,0,0,,,,,,,,,,,,,Cal Poly-San Luis Obispo
175,2002,7,232,Jeff Kelly,QB,23,SEA,2002,2002,0,0,0,0,1,0,,,,,,,,,,Southern Miss
176,2002,7,236,Wes Pate,QB,,BAL,,,0,0,0,,,,,,,,,,,,,S.F. Austin
177,2001,1,1,Michael Vick,QB,21,ATL,2001,2015,0,4,7,92,143,115,61-51-1,1807,3217,22464,133,88,873,6109,36,Virginia Tech
178,2001,2,32,Drew Brees,QB,22,SDG,2001,2015,1,9,14,140,217,216,124-92-0,5365,8085,60903,428,205,384,704,14,Purdue
179,2001,2,53,Quincy Carter,QB,23,DAL,2001,2004,0,0,2,17,38,34,18-16-0,542,960,6337,32,37,152,518,3,Georgia
180,2001,2,59,Marques Tuiasosopo,QB,22,OAK,2001,2008,0,0,0,1,13,2,0-2-0,49,90,554,2,7,17,79,0,Washington
181,2001,4,106,Chris Weinke,QB,29,CAR,2001,2007,0,0,1,9,29,20,2-18-0,386,709,3904,15,26,54,148,6,Florida St.
182,2001,4,109,Sage Rosenfels,QB,23,WAS,2002,2011,0,0,0,13,44,12,6-6-0,351,562,4156,30,29,48,95,1,Iowa St.
183,2001,4,125,Jesse Palmer,QB,22,NYG,2002,2003,0,0,0,1,8,3,0-3-0,63,120,562,3,4,5,20,0,Florida
184,2001,5,149,Mike McMahon,QB,22,DET,2001,2005,0,0,0,6,29,14,3-11-0,229,515,2867,15,21,82,409,7,Rutgers
185,2001,5,155,A.J. Feeley,QB,24,PHI,2001,2011,0,0,1,7,28,18,8-10-0,425,762,4618,28,31,37,49,1,Oregon
186,2001,6,172,Josh Booty,QB,,SEA,,,0,0,0,,,,,,,,,,,,,LSU
187,2001,6,177,Josh Heupel,QB,,MIA,,,0,0,0,,,,,,,,,,,,,Oklahoma
188,2000,1,18,Chad Pennington,QB,24,NYJ,2000,2010,0,0,6,55,89,81,44-37-0,1632,2471,17823,102,64,180,465,7,Marshall
189,2000,3,65,Giovanni Carmazzi,QB,,SFO,,,0,0,0,,,,,,,,,,,,,Hofstra
190,2000,3,75,Chris Redman,QB,23,BAL,2000,2011,0,0,0,9,31,12,4-8-0,286,500,3179,21,14,33,25,0,Louisville
191,2000,5,163,Tee Martin,QB,22,PIT,2001,2003,0,0,0,0,3,0,,6,16,69,0,1,6,36,0,Tennessee
192,2000,6,168,Marc Bulger,QB,23,NOR,2002,2009,0,2,7,57,96,95,41-54-0,1969,3171,22814,122,93,118,300,8,West Virginia
193,2000,6,183,Spergon Wynn,QB,22,CLE,2000,2001,0,0,0,2,10,3,0-3-0,70,152,585,1,7,11,76,0,Texas St.
194,2000,6,199,Tom Brady,QB,23,NWE,2000,2015,2,10,14,146,225,223,172-51-0,4953,7792,58028,428,150,504,876,17,Michigan
195,2000,6,202,Todd Husak,QB,22,WAS,2000,2000,0,0,0,0,1,0,,2,2,-2,0,0,1,-1,0,Stanford
196,2000,6,205,JaJuan Seider,QB,,SDG,,,0,0,0,,,,,,,,,,,,,Florida A&M
197,2000,7,212,Tim Rattay,QB,23,SFO,2000,2007,0,0,1,12,40,18,5-13-0,432,714,4853,31,23,45,77,0,Louisiana Tech
198,2000,7,214,Jarious Jackson,QB,23,DEN,2000,2003,0,0,0,0,5,1,0-1-0,11,22,114,0,1,7,15,0,Notre Dame
199,2000,7,234,Joe Hamilton,QB,23,TAM,2000,2000,0,0,0,0,1,0,,0,0,0,0,0,1,-2,0,Georgia Tech
200,1999,1,1,Tim Couch,QB,22,CLE,1999,2003,0,0,4,30,62,59,22-37-0,1025,1714,11131,64,67,124,556,2,Kentucky
201,1999,1,2,Donovan McNabb,QB,22,PHI,1999,2011,0,6,11,107,167,161,98-62-1,3170,5374,37276,234,117,616,3459,29,Syracuse
202,1999,1,3,Akili Smith,QB,24,CIN,1999,2002,0,0,1,1,22,17,3-14-0,215,461,2212,5,13,70,371,1,Oregon
203,1999,1,11,Daunte Culpepper,QB,22,MIN,1999,2009,0,3,5,86,105,100,41-59-0,2016,3199,24153,149,106,514,2652,34,Central Florida
204,1999,1,12,Cade McNown,QB,22,CHI,1999,2000,0,0,1,7,25,15,3-12-0,281,515,3111,16,19,82,486,3,UCLA
205,1999,2,50,Shaun King,QB,22,TAM,1999,2004,0,0,1,18,34,24,14-10-0,415,738,4566,27,24,113,454,5,Tulane
206,1999,3,77,Brock Huard,QB,23,SEA,2000,2003,0,0,0,2,8,4,0-4-0,60,107,689,4,2,9,48,0,Washington
207,1999,4,101,Joe Germaine,QB,24,STL,1999,1999,0,0,0,1,3,0,,9,16,136,1,2,3,0,0,Ohio St.
208,1999,4,131,Aaron Brooks,QB,23,GNB,2000,2006,0,0,6,65,93,90,38-52-0,1673,2963,20261,123,92,362,1534,13,Virginia
209,1999,5,151,Kevin Daft,QB,,TEN,,,0,0,0,,,,,,,,,,,,,California-Davis
210,1999,7,227,Michael Bishop,QB,23,NWE,2000,2000,0,0,0,0,8,0,,3,9,80,1,1,7,-1,0,Kansas St.
211,1999,7,239,Chris Greisen,QB,23,ARI,1999,2011,0,0,0,0,5,0,,7,16,69,1,0,1,1,0,NW Missouri St.
212,1999,7,245,Scott Covington,QB,23,CIN,1999,2002,0,0,0,0,4,1,1-0-0,6,10,30,0,0,2,-4,0,Miami (FL)
213,1998,1,1,Peyton Manning,QB,22,IND,1998,2015,7,14,16,176,266,265,186-79-0,6125,9380,71940,539,251,431,667,18,Tennessee
214,1998,1,2,Ryan Leaf,QB,22,SDG,1998,2001,0,0,1,1,25,21,4-17-0,317,655,3666,14,36,59,127,0,Washington St.
215,1998,2,60,Charlie Batch,QB,23,DET,1998,2012,0,0,4,33,81,55,25-30-0,908,1604,11085,61,52,172,637,6,East. Michigan
216,1998,3,86,Jonathan Quinn,QB,23,JAX,1998,2004,0,0,0,4,17,6,1-5-0,117,223,1161,4,7,25,151,1,Middle Tenn. St.
217,1998,3,91,Brian Griese,QB,23,DEN,1998,2008,0,1,5,52,93,83,45-38-0,1752,2796,19440,119,99,238,582,5,Michigan
218,1998,6,172,John Dutton,QB,,MIA,,,0,0,0,,,,,,,,,,,,,Nevada
219,1998,6,187,Matt Hasselbeck,QB,22,GNB,1999,2015,0,3,10,86,209,160,85-75-0,3222,5330,36638,212,153,365,1231,8,Boston Col.
220,1998,7,232,Moses Moreno,QB,23,CHI,1998,2000,0,0,0,1,9,3,0-3-0,51,103,485,1,2,9,29,0,Colorado St.
221,1997,1,26,Jim Druckenmiller,QB,24,SFO,1997,1998,0,0,0,1,6,1,1-0-0,21,52,239,1,4,13,-10,0,Virginia Tech
222,1997,2,42,Jake Plummer,QB,22,ARI,1997,2006,0,1,10,77,143,136,69-67-0,2484,4350,29253,161,161,428,1853,17,Arizona St.
223,1997,4,99,Danny Wuerffel,QB,23,NOR,1997,2002,0,0,0,6,25,10,4-6-0,184,350,2123,12,22,31,189,1,Florida
224,1997,4,110,Pat Barnes,QB,22,KAN,1999,1999,0,0,0,0,1,0,,,,,,,,,,California
225,1997,6,171,Mike Cherry,QB,23,NYG,1997,1998,0,0,0,0,2,0,,0,1,0,0,0,4,-5,0,Murray St.
226,1997,6,191,Chuck Clements,QB,23,NYJ,1997,1997,0,0,0,0,1,0,,,,,,,2,-3,0,Houston
227,1997,7,204,Tony Graziani,QB,23,ATL,1997,1999,0,0,0,3,18,5,2-3-0,85,174,999,2,8,16,51,0,Oregon
228,1997,7,207,Koy Detmer,QB,24,PHI,1998,2006,0,0,0,4,104,8,3-5-0,184,354,1944,10,14,31,30,1,Colorado
229,1997,7,234,Wally Richardson,QB,23,BAL,1998,1998,0,0,0,0,1,0,,1,2,1,0,0,1,0,0,Penn St.
230,1997,7,237,Tony Corbin,QB,,SDG,,,0,0,0,,,,,,,,,,,,,Cal State-Sacramento
231,1997,7,240,Ron McAda,QB,,GNB,,,0,0,0,,,,,,,,,,,,,Army
232,1996,2,42,Tony Banks,QB,23,STL,1996,2005,0,0,6,42,96,78,35-43-0,1278,2356,15315,77,73,246,881,6,Michigan St.
233,1996,3,85,Bobby Hoying,QB,23,PHI,1996,2000,0,0,1,3,22,13,3-9-1,244,456,2544,11,15,42,156,0,Ohio St.
234,1996,4,100,Jeff Lewis,QB,23,DEN,1996,2000,0,0,0,2,12,0,,28,54,210,0,2,21,78,0,Northern Arizona
235,1996,4,130,Danny Kanell,QB,22,NYG,1996,2003,0,0,2,13,43,24,10-13-1,491,956,5129,31,34,44,49,0,Florida St.
236,1996,6,203,Spence Fischer,QB,,PIT,,,0,0,0,,,,,,,,,,,,,Duke
237,1996,6,205,Mike Cawley,QB,,IND,,,0,0,0,,,,,,,,,,,,,James Madison
238,1996,7,238,Jon Stark,QB,,BAL,,,0,0,0,,,,,,,,,,,,,
239,1996,7,240,Kyle Wachholtz,QB,,GNB,,,0,0,0,,,,,,,,,,,,,USC
240,1995,1,3,Steve McNair,QB,22,HOU,1995,2007,0,3,10,100,161,153,91-62-0,2733,4544,31304,174,119,669,3590,37,Alcorn St.
241,1995,1,5,Kerry Collins,QB,22,CAR,1995,2011,0,2,11,81,198,180,81-99-0,3487,6261,40922,208,196,374,686,10,Penn St.
242,1995,2,45,Todd Collins,QB,23,BUF,1995,2010,0,0,1,11,50,21,11-10-0,391,701,4547,22,24,83,152,0,Michigan
243,1995,2,60,Kordell Stewart,QB,22,PIT,1995,2005,0,1,5,59,125,87,48-34-0,1316,2358,14746,77,84,560,2874,38,Colorado
244,1995,3,80,Stoney Case,QB,23,ARI,1995,2000,0,0,0,4,20,6,3-3-0,163,318,1826,4,15,60,270,5,New Mexico
245,1995,3,84,Eric Zeier,QB,23,CLE,1995,2000,0,0,0,6,28,12,4-8-0,301,537,3520,16,15,43,127,0,Georgia
246,1995,4,99,Rob Johnson,QB,22,JAX,1995,2003,0,0,2,19,48,29,12-17-0,494,806,5795,30,23,140,877,4,USC
247,1995,4,111,Chad May,QB,,MIN,,,0,0,0,,,,,,,,,,,,,Kansas St.
248,1995,4,119,Dave Barr,QB,23,PHI,1995,1995,0,0,0,0,2,0,,5,9,42,0,0,1,5,0,California
249,1995,4,134,Steve Stenstrom,QB,23,KAN,1996,1999,0,0,0,6,17,10,1-9-0,177,314,1895,4,12,22,100,2,Stanford
250,1995,5,160,Jay Barker,QB,,GNB,,,0,0,0,,,,,,,,,,,,,Alabama
251,1995,6,191,Jerry Colquitt,QB,,CAR,,,0,0,0,,,,,,,,,,,,,Tennessee
252,1995,6,197,Craig Whelihan,QB,24,SDG,1997,1998,0,0,1,1,19,14,2-12-0,267,557,3160,14,29,31,67,0,Pacific
253,1995,7,213,John Walsh,QB,,CIN,,,0,0,0,,,,,,,,,,,,,BYU
254,1994,1,3,Heath Shuler,QB,22,WAS,1994,1997,0,0,2,6,29,22,8-14-0,292,593,3691,15,33,67,198,1,Tennessee
255,1994,1,6,Trent Dilfer,QB,22,TAM,1994,2007,0,1,7,51,130,113,58-55-0,1759,3172,20518,113,129,248,853,5,Fresno St.
256,1994,4,111,Perry Klein,QB,23,ATL,1994,1994,0,0,0,0,2,0,,0,1,0,0,0,,,,C.W. Post
257,1994,4,116,Doug Nussmeier,QB,23,NOR,1996,1997,0,0,0,2,5,2,0-2-0,46,82,455,1,4,11,36,0,Idaho
258,1994,6,178,Jim Miller,QB,23,PIT,1995,2002,0,0,2,16,37,27,15-12-0,610,1046,6387,36,31,55,4,0,Michigan St.
259,1994,7,197,Gus Frerotte,QB,23,WAS,1994,2008,0,1,5,56,147,93,45-47-1,1699,3106,21291,114,106,196,315,6,Tulsa
260,1994,7,198,Jay Walker,QB,22,NWE,1996,1997,0,0,0,0,1,0,,2,2,31,0,0,,,,Howard
261,1994,7,199,Steve Matthews,QB,23,KAN,1997,1998,0,0,0,1,3,1,1-0-0,28,43,299,0,0,1,10,0,Memphis
262,1994,7,208,Glenn Foley,QB,23,NYJ,1994,1999,0,0,0,8,21,9,2-7-0,207,382,2469,12,16,19,32,0,Boston Col.
263,1993,1,1,Drew Bledsoe,QB,21,NWE,1993,2006,0,4,12,103,194,193,98-95-0,3839,6717,44611,251,206,385,764,10,Washington St.
264,1993,1,2,Rick Mirer,QB,23,SEA,1993,2003,0,0,5,32,80,68,24-44-0,1088,2043,11969,50,76,242,1130,9,Notre Dame
265,1993,3,58,Billy Joe Hobert,QB,22,RAI,1995,1999,0,0,0,7,29,17,4-13-0,275,527,3371,23,25,33,121,1,Washington
266,1993,5,118,Mark Brunell,QB,22,GNB,1994,2011,0,3,11,96,193,151,78-73-0,2761,4640,32072,184,108,513,2421,15,Washington
267,1993,7,192,Gino Torretta,QB,23,MIN,1993,1996,0,0,0,0,2,0,,5,16,41,1,1,2,12,0,Miami (FL)
268,1993,8,216,Alex Van Pelt,QB,23,PIT,1995,2003,0,0,1,7,31,11,3-8-0,262,477,2985,16,24,32,53,1,Pittsburgh
269,1993,8,219,Elvis Grbac,QB,23,SFO,1994,2001,0,1,4,46,105,70,40-30-0,1446,2445,16774,99,81,163,388,7,Michigan
270,1993,8,222,Trent Green,QB,23,SDG,1997,2008,0,2,7,94,120,113,56-57-0,2266,3740,28475,162,114,243,914,6,Indiana
271,1992,1,6,David Klingler,QB,23,CIN,1992,1997,0,0,1,10,33,24,4-20-0,389,718,3994,16,22,74,456,0,Houston
272,1992,1,25,Tommy Maddox,QB,21,DEN,1992,2005,0,0,2,24,92,36,15-20-1,686,1200,8087,48,54,68,128,1,UCLA
273,1992,1,1,Dave Brown,QB,22,NYG,1992,2001,0,0,3,27,73,60,26-34-0,892,1634,10248,44,58,192,669,7,Duke
274,1992,2,40,Matt Blundin,QB,23,KAN,1993,1997,0,0,0,0,3,0,,2,9,15,0,2,,,,Virginia
275,1992,2,46,Tony Sacca,QB,22,PHO,1992,1992,0,0,0,0,2,0,,4,11,29,0,2,,,,Penn St.
276,1992,4,102,Casey Weldon,QB,23,PHI,1993,1999,0,0,0,1,26,0,,60,120,713,1,4,12,0,1,Florida St.
277,1992,4,107,Will Furrer,QB,24,CHI,1992,1995,0,0,0,1,9,2,0-2-0,57,124,572,2,10,8,20,0,Virginia Tech
278,1992,4,112,Chris Hakel,QB,,WAS,,,0,0,0,,,,,,,,,,,,,William & Mary
279,1992,6,166,Jeff Blake,QB,21,NYJ,1992,2005,0,1,8,68,119,100,39-61-0,1827,3241,21711,134,99,418,2027,14,East Carolina
280,1992,8,198,Ricky Jones,QB,,RAM,,,0,0,0,,,,,,,,,,,,,Alabama St.
281,1992,8,211,Kent Graham,QB,23,NYG,1992,2001,0,0,1,20,81,38,17-21-0,694,1339,7801,39,33,121,424,5,Ohio St.
282,1992,8,220,Bucky Richardson,QB,23,HOU,1992,1994,0,0,0,4,16,4,1-3-0,97,185,1257,6,6,33,225,1,Texas A&M
283,1992,8,222,Mike Pawlawski,QB,,TAM,,,0,0,0,,,,,,,,,,,,,California
284,1992,9,227,Brad Johnson,QB,23,MIN,1994,2008,0,2,8,74,177,125,72-53-0,2668,4326,29054,166,122,276,657,8,Florida St.
285,1992,9,228,T.J. Rubley,QB,23,RAM,1993,1995,0,0,0,5,10,7,2-5-0,112,195,1377,8,7,31,108,0,Tulsa
286,1992,9,230,Ty Detmer,QB,24,GNB,1993,2003,0,0,2,15,54,25,11-14-0,546,946,6351,34,35,72,177,3,BYU
287,1992,9,242,Darian Hagan,QB,,SFO,,,0,0,0,,,,,,,,,,,,,Colorado
288,1992,11,296,Mark Barsotti,QB,,MIA,,,0,0,0,,,,,,,,,,,,,Fresno St.
289,1992,12,316,Keithen McCant,QB,,CLE,,,0,0,0,,,,,,,,,,,,,Nebraska
290,1992,12,318,Cornelius Benton,QB,,PIT,,,0,0,0,,,,,,,,,,,,,Connecticut
291,1992,12,335,Matt Rodgers,QB,,BUF,,,0,0,0,,,,,,,,,,,,,Iowa
292,1991,1,16,Dan McGwire,QB,23,SEA,1991,1995,0,0,0,2,13,5,2-3-0,74,148,745,2,6,14,6,0,San Diego St.
293,1991,1,24,Todd Marinovich,QB,22,RAI,1991,1992,0,0,0,3,8,8,3-5-0,104,205,1345,8,9,12,44,0,USC
294,1991,2,33,Brett Favre,QB,21,ATL,1991,2010,3,11,19,156,302,298,186-112-0,6300,10169,71838,508,336,602,1844,14,Southern Miss
295,1991,2,34,Browning Nagle,QB,23,NYJ,1991,1996,0,0,1,5,24,14,4-10-0,213,437,2489,8,20,26,68,0,Louisville
296,1991,4,84,Scott Zolak,QB,23,NWE,1992,1999,0,0,0,4,55,7,3-4-0,124,248,1314,8,7,38,81,0,Maryland
297,1991,4,99,Donald Hollas,QB,23,CIN,1991,1998,0,0,0,5,32,8,4-4-0,202,375,2399,13,21,61,295,1,Rice
298,1991,4,106,Bill Musgrave,QB,23,DAL,1991,1996,0,0,0,1,12,1,0-1-0,43,69,402,1,2,19,-11,0,Oregon
299,1991,5,131,Craig Erickson,QB,22,PHI,1992,1997,0,0,2,21,52,36,14-21-0,591,1092,7625,41,38,77,201,1,Miami (FL)
300,1991,7,190,Paul Justin,QB,23,CHI,1995,1999,0,0,0,8,34,10,3-7-0,220,380,2614,8,10,17,11,0,Arizona St.
1,1991,10,260,Pat O'Hara,QB,,TAM,,,0,0,0,,,,,,,,,,,,,USC
2,1991,11,284,Shawn Moore,QB,23,DEN,1992,1992,0,0,0,1,3,0,,17,34,232,0,3,8,39,0,Virginia
3,1991,12,309,Jeff Bridewell,QB,,PHO,,,0,0,0,,,,,,,,,,,,,California-Davis
4,1991,12,334,Larry Wanke,QB,,NYG,,,0,0,0,,,,,,,,,,,,,John Carroll
5,1990,1,1,Jeff George,QB,22,IND,1990,2001,0,0,9,65,131,124,46-78-0,2298,3967,27602,154,113,168,307,2,Illinois
6,1990,1,7,Andre Ware,QB,22,DET,1990,1993,0,0,0,5,14,6,3-3-0,83,161,1112,5,8,38,217,0,Houston
7,1990,3,59,Tom Hodson,QB,23,NWE,1990,1995,0,0,0,4,36,12,1-11-0,174,320,1823,7,11,21,90,0,LSU
8,1990,3,63,Peter Tom Willis,QB,23,CHI,1990,1993,0,0,0,4,21,3,0-3-0,104,183,1261,6,15,5,14,0,Florida St.
9,1990,3,70,Neil O'Donnell,QB,24,PIT,1991,2003,0,1,7,59,125,100,55-45-0,1865,3229,21690,120,68,215,446,4,Maryland
10,1990,4,84,Troy Taylor,QB,22,NYJ,1990,1991,0,0,0,0,7,0,,12,20,125,2,1,9,43,1,California
11,1990,4,86,Cary Conklin,QB,22,WAS,1992,1995,0,0,0,1,7,2,0-2-0,52,101,560,5,3,5,-6,0,Washington
12,1990,4,93,Scott Mitchell,QB,22,MIA,1991,2001,0,0,5,49,99,71,32-39-0,1301,2346,15692,95,81,172,485,11,Utah
13,1990,5,135,Craig Kupp,QB,23,NYG,1991,1991,0,0,0,0,1,0,,3,7,23,0,0,1,5,0,Pacific Lutheran
14,1990,6,138,John Friesz,QB,23,SDG,1990,2000,0,0,1,26,69,38,13-25-0,745,1364,8699,45,42,53,29,0,Idaho
15,1990,6,156,Mike Buck,QB,23,NOR,1991,1995,0,0,0,2,12,1,0-1-0,55,92,790,5,4,5,-4,0,Maine
16,1990,8,207,Gerry Gdowski,QB,,NOR,,,0,0,0,,,,,,,,,,,,,Nebraska
17,1990,9,242,Kirk Baumgartner,QB,,GNB,,,0,0,0,,,,,,,,,,,,,Wisc-Stevens Point
18,1990,9,247,Todd Ellis,QB,,DEN,,,0,0,0,,,,,,,,,,,,,South Carolina
19,1990,11,296,Clemente Gordon,QB,,CLE,,,0,0,0,,,,,,,,,,,,,Grambling St.
20,1990,12,307,Todd Hammel,QB,,TAM,,,0,0,0,,,,,,,,,,,,,S.F. Austin
21,1990,12,311,Gene Benhart,QB,,IND,,,0,0,0,,,,,,,,,,,,,West. Illinois
22,1990,12,312,John Gromos,QB,,SEA,,,0,0,0,,,,,,,,,,,,,Vanderbilt
23,1990,12,317,Major Harris,QB,,RAI,,,0,0,0,,,,,,,,,,,,,West Virginia
24,1990,12,321,Reggie Slack,QB,,HOU,,,0,0,0,,,,,,,,,,,,,Auburn
25,1989,1,1,Troy Aikman HOF,QB,22,DAL,1989,2000,0,6,12,97,165,165,94-71-0,2898,4715,32942,165,141,327,1016,9,UCLA
26,1989,1,1,Steve Walsh,QB,22,DAL,1989,1999,0,0,2,20,80,38,20-18-0,713,1317,7875,40,50,80,47,1,Miami (FL)
27,1989,2,32,Mike Elkins,QB,23,KAN,1989,1989,0,0,0,0,1,0,,1,2,5,0,1,,,,Wake Forest
28,1989,1,2,Timm Rosenbach,QB,22,PHO,1989,1992,0,0,1,13,26,20,5-15-0,295,551,3676,16,24,101,507,3,Washington St.
29,1989,2,51,Billy Joe Tolliver,QB,23,SDG,1989,1999,0,0,2,26,79,47,15-32-0,891,1707,10760,59,64,99,320,5,Texas Tech
30,1989,3,74,Anthony Dilweg,QB,24,GNB,1989,1990,0,0,0,4,10,7,2-5-0,102,193,1274,8,7,21,114,0,Duke
31,1989,3,83,Erik Wilhelm,QB,23,CIN,1989,1996,0,0,0,3,22,1,0-1-0,77,136,912,5,6,19,69,0,Oregon St.
32,1989,4,87,Jeff Graham,QB,,GNB,,,0,0,0,,,,,,,,,,,,,Long Beach St.
33,1989,4,102,Jeff Carlson,QB,23,RAM,1990,1992,0,0,0,2,7,3,0-3-0,49,114,636,2,9,17,57,0,Weber St.
34,1989,6,140,Jeff Francis,QB,23,RAI,1990,1990,0,0,0,0,1,0,,2,2,26,0,0,,,,Tennessee
35,1989,6,141,Rodney Peete,QB,23,DET,1989,2004,0,0,7,46,104,87,45-42-0,1344,2346,16338,76,92,270,1139,16,USC
36,1989,7,192,Brent Snyder,QB,,CHI,,,0,0,0,,,,,,,,,,,,,Utah St.
37,1989,7,195,Terrence Jones,QB,,SDG,,,0,0,0,,,,,,,,,,,,,Tulane
38,1989,8,202,Paul Singer,QB,,ATL,,,0,0,0,,,,,,,,,,,,,West. Illinois
39,1989,10,278,Bob Jean,QB,,CIN,,,0,0,0,,,,,,,,,,,,,New Hampshire
40,1989,11,296,Wayne Johnson,QB,,IND,,,0,0,0,,,,,,,,,,,,,Georgia
41,1989,12,323,Steve Taylor,QB,,IND,,,0,0,0,,,,,,,,,,,,,Nebraska
42,1989,12,325,Chuck Hartlieb,QB,,HOU,,,0,0,0,,,,,,,,,,,,,Iowa
43,1988,3,68,Tom Tupa,QB,22,PHO,1988,2004,1,1,6,29,220,13,4-9-0,259,504,3430,12,25,53,187,1,Ohio St.
44,1988,3,76,Chris Chandler,QB,22,IND,1988,2004,0,2,9,77,180,152,67-85-0,2328,4005,28484,170,146,371,1310,12,Washington
45,1988,6,149,Don McPherson,QB,,PHI,,,0,0,0,,,,,,,,,,,,,Syracuse
46,1988,6,151,Scott Secules,QB,23,DAL,1989,1993,0,0,0,5,57,4,0-4-0,108,204,1311,4,14,24,136,1,Virginia
47,1988,6,159,Stan Humphries,QB,23,WAS,1989,1997,0,0,6,50,88,81,50-31-0,1431,2516,17191,89,84,150,356,7,La-Monroe
48,1988,7,175,Mike Perez,QB,,NYG,,,0,0,0,,,,,,,,,,,,,San Jose St.
49,1988,7,180,Kerwin Bell,QB,23,MIA,1996,1996,0,0,0,0,1,0,,5,5,75,1,0,1,-1,0,Florida
50,1988,10,256,Bud Keyes,QB,,GNB,,,0,0,0,,,,,,,,,,,,,Wisconsin
51,1988,10,274,Todd Santos,QB,,NOR,,,0,0,0,,,,,,,,,,,,,San Diego St.
52,1988,11,281,Danny McCoin,QB,,DET,,,0,0,0,,,,,,,,,,,,,Cincinnati
53,1988,11,282,Danny McManus,QB,,KAN,,,0,0,0,,,,,,,,,,,,,Florida St.
54,1988,11,283,David Weber,QB,,RAI,,,0,0,0,,,,,,,,,,,,,
55,1988,12,328,Steve Slayden,QB,,CLE,,,0,0,0,,,,,,,,,,,,,Duke
56,1987,1,1,Vinny Testaverde,QB,23,TAM,1987,2007,0,2,14,97,233,214,90-123-1,3787,6701,46233,275,267,430,1661,15,Miami (FL)
57,1987,1,6,Kelly Stouffer,QB,23,STL,1988,1992,0,0,0,2,22,16,5-11-0,225,437,2333,7,19,30,75,0,Colorado St.
58,1987,1,13,Chris Miller,QB,22,ATL,1987,1999,0,1,7,52,98,92,34-58-0,1580,2892,19320,123,102,178,814,2,Oregon
59,1987,1,26,Jim Harbaugh,QB,23,CHI,1987,2000,0,1,10,78,177,140,66-74-0,2305,3918,26288,129,117,561,2787,18,Michigan
60,1987,3,64,Cody Carlson,QB,23,HOU,1988,1994,0,0,0,15,45,19,11-8-0,370,659,4469,21,28,81,217,4,Baylor
61,1987,4,88,Mark Vlasic,QB,23,SDG,1987,1991,0,0,0,3,15,4,2-2-0,75,142,762,4,5,4,-1,0,Iowa
62,1987,4,98,Rich Gannon,QB,21,NWE,1987,2004,2,4,8,99,157,132,76-56-0,2533,4206,28743,180,104,521,2449,21,Delaware
63,1987,4,110,Steve Beuerlein,QB,22,RAI,1988,2003,0,1,4,69,147,102,47-55-0,1894,3328,24046,147,112,225,496,5,Notre Dame
64,1987,7,180,Kevin Sweeney,QB,23,DAL,1987,1988,0,0,0,2,6,4,2-2-0,47,106,605,7,6,11,42,0,Fresno St.
65,1987,7,186,Doug Hudson,QB,22,KAN,1987,1987,0,0,0,0,1,1,0-1-0,0,1,0,0,0,1,0,0,Nicholls St.
66,1987,8,216,Sammy Garza,QB,22,SEA,1987,1987,0,0,0,1,2,1,0-1-0,11,20,183,1,2,8,31,1,Texas-El Paso
67,1987,9,232,Ken Lambiotte,QB,,PHI,,,0,0,0,,,,,,,,,,,,,William & Mary
68,1987,10,255,Don Majkowski,QB,23,GNB,1987,1996,0,1,4,39,90,57,26-30-1,1056,1905,12700,66,67,248,1114,12,Virginia
69,1987,10,275,John Paye,QB,,SFO,,,0,0,0,,,,,,,,,,,,,Stanford
70,1987,11,295,Brent Pease,QB,22,MIN,1987,1988,0,0,0,3,20,3,2-1-0,62,135,792,3,9,23,31,2,Montana
71,1987,11,307,Dave Walter,QB,22,NYG,1987,1987,0,0,0,1,3,2,1-1-0,10,21,113,0,0,16,70,0,Michigan Tech
72,1987,12,313,Mike Shula,QB,,TAM,,,0,0,0,,,,,,,,,,,,,Alabama
73,1987,12,322,Jim Karsatos,QB,,MIA,,,0,0,0,,,,,,,,,,,,,Ohio St.
74,1987,12,327,Bill Ransdell,QB,,NYJ,,,0,0,0,,,,,,,,,,,,,Kentucky
75,1986,1,3,Jim Everett,QB,23,HOU,1986,1997,0,1,10,87,158,153,64-89-0,2841,4923,34837,203,175,257,596,4,Purdue
76,1986,1,12,Chuck Long,QB,23,DET,1986,1991,0,0,1,11,27,21,4-17-0,331,607,3747,19,28,34,88,0,Iowa
77,1986,2,47,Jack Trudeau,QB,23,IND,1986,1995,0,0,3,23,67,49,19-30-0,873,1644,10243,42,69,97,186,3,Illinois
78,1986,3,67,Bubby Brister,QB,24,PIT,1986,2000,0,0,4,41,99,75,37-38-0,1207,2212,14445,81,78,191,546,8,La-Monroe
79,1986,3,71,Hugh Millen,QB,22,RAM,1987,1995,0,0,2,16,40,25,7-18-0,560,928,6440,22,35,65,260,1,Washington
80,1986,3,72,Robbie Bosco,QB,,GNB,,,0,0,0,,,,,,,,,,,,,BYU
81,1986,4,99,Doug Gaynor,QB,23,CIN,1986,1986,0,0,0,0,1,0,,3,3,30,0,0,1,4,0,Long Beach St.
82,1986,6,146,Mark Rypien,QB,23,WAS,1988,2001,0,2,5,56,104,78,47-31-0,1466,2613,18473,115,88,127,166,8,Washington St.
83,1986,6,150,Stan Gelbaugh,QB,23,DAL,1989,1996,0,0,1,2,20,12,1-11-0,192,391,2100,10,22,28,108,0,Maryland
84,1986,7,174,Mike Norseth,QB,22,CLE,1988,1988,0,0,0,0,1,0,,,,,,,1,5,0,Kansas
85,1986,10,274,Jeff Wickersham,QB,,MIA,,,0,0,0,,,,,,,,,,,,,LSU
86,1986,11,280,Chris Hegg,QB,,ATL,,,0,0,0,,,,,,,,,,,,,NE Missouri St.
87,1986,11,291,David Norrie,QB,22,SEA,1987,1987,0,0,0,1,2,2,0-2-0,35,68,376,1,4,5,5,0,UCLA
88,1986,12,312,Kent Austin,QB,23,STL,1986,1986,0,0,0,0,16,0,,,,,,,1,0,0,Mississippi
89,1986,12,313,Brian McClure,QB,22,BUF,1987,1987,0,0,0,1,1,1,1-0-0,20,38,181,0,3,2,4,0,Bowling Green
90,1986,12,316,Steve Bradley,QB,23,CIN,1987,1987,0,0,0,0,1,1,0-1-0,6,18,77,2,3,1,-3,0,Indiana
91,1985,1,1,Bernie Kosar,QB,21,CLE,1985,1996,0,1,7,67,126,108,53-54-1,1994,3365,23301,124,87,180,265,5,Miami (FL)
92,1985,2,37,Randall Cunningham,QB,22,PHI,1985,2001,1,4,7,107,161,135,82-52-1,2429,4289,29979,207,134,775,4928,35,UNLV
93,1985,3,57,Frank Reich,QB,23,BUF,1985,1998,0,0,1,15,118,20,5-15-0,508,932,6075,40,36,91,78,0,Maryland
94,1985,6,142,Steve Bono,QB,23,MIN,1985,1999,0,1,2,32,88,42,28-14-0,934,1701,10439,62,42,125,257,7,UCLA
95,1985,6,143,Rusty Hilger,QB,23,RAI,1985,1991,0,0,1,5,23,14,5-9-0,204,464,2584,11,19,35,91,0,Oklahoma St.
96,1985,6,168,Scott Barry,QB,,SFO,,,0,0,0,,,,,,,,,,,,,California-Davis
97,1985,9,232,Steve Calabria,QB,,TAM,,,0,0,0,,,,,,,,,,,,,Colgate
98,1985,9,234,Paul Berner,QB,,SDG,,,0,0,0,,,,,,,,,,,,,Pacific
99,1985,10,269,Buddy Funck,QB,,DEN,,,0,0,0,,,,,,,,,,,,,New Mexico
100,1985,10,277,John Conner,QB,,SEA,,,0,0,0,,,,,,,,,,,,,Arizona
101,1985,11,285,Doug Flutie,QB,22,RAM,1986,2005,0,1,4,51,92,66,38-28-0,1177,2151,14715,86,68,338,1634,10,Boston Col.
102,1985,11,294,Joe Shield,QB,23,GNB,1986,1986,0,0,0,0,3,0,,,,,,,,,,Trinity (CT)
103,1984,1,1,Steve Young HOF,QB,22,TAM,1985,1999,3,7,9,135,169,143,94-49-0,2667,4149,33124,232,107,722,4239,43,BYU
104,1984,1,7,Wayne Peace,QB,,CIN,,,0,0,0,,,,,,,,,,,,,Florida
105,1984,2,38,Boomer Esiason,QB,23,CIN,1984,1997,1,4,12,106,187,173,80-93-0,2969,5205,37920,247,184,447,1598,7,Maryland
106,1984,1,10,Ken Hobart,QB,,NYJ,,,0,0,0,,,,,,,,,,,,,Idaho
107,1984,3,59,Jeff Hostetler,QB,23,NYG,1985,1997,0,1,6,56,152,83,51-32-0,1357,2338,16430,94,71,316,1391,17,West Virginia
108,1984,3,80,Rick McIvor,QB,23,STL,1984,1985,0,0,0,0,6,0,,0,4,0,0,0,3,5,0,Texas
109,1984,3,83,Jay Schroeder,QB,23,WAS,1985,1994,0,1,8,62,118,99,61-38-0,1426,2808,20063,114,108,242,761,5,UCLA
110,1984,2,33,Steve Smith,QB,,SDG,,,0,0,0,,,,,,,,,,,,,Michigan
111,1984,2,48,Rick Johnson,QB,,RAM,,,0,0,0,,,,,,,,,,,,,Southern Illinois
112,1984,5,113,Steve Pelluer,QB,22,DAL,1984,1990,0,0,2,24,65,30,9-20-1,548,974,6870,29,39,142,858,6,Washington
113,1984,5,138,Dean May,QB,22,MIA,1984,1987,0,0,0,0,5,0,,1,6,33,0,1,2,-4,0,Louisville
114,1984,6,148,Ben Bennett,QB,22,ATL,1987,1987,0,0,0,0,1,0,,2,6,25,0,1,2,17,0,Duke
115,1984,6,153,Randy Wright,QB,23,GNB,1984,1988,0,0,2,14,46,32,7-25-0,602,1119,7106,31,57,55,173,3,Wisconsin
116,1984,3,64,Turner Gill,QB,,NYJ,,,0,0,0,,,,,,,,,,,,,Nebraska
117,1984,6,158,Terry Nugent,QB,22,CLE,1987,1987,0,0,0,0,1,0,,3,5,47,0,0,2,1,0,Colorado St.
118,1984,3,70,Walter Lewis,QB,,NWE,,,0,0,0,,,,,,,,,,,,,Alabama
119,1984,6,160,John Witkowski,QB,22,DET,1984,1988,0,0,0,1,5,1,0-1-0,13,35,210,0,0,8,33,0,Columbia
120,1984,3,73,Tim Riordan,QB,24,STL,1987,1987,0,0,0,0,1,0,,0,1,0,0,0,1,3,0,Temple
121,1984,3,76,Frank Seurer,QB,22,SEA,1986,1987,0,0,0,1,9,2,0-2-0,26,55,340,0,4,9,33,0,Kansas
122,1984,3,77,John Bond,QB,,CLE,,,0,0,0,,,,,,,,,,,,,Mississippi St.
123,1984,7,191,Scott Campbell,QB,22,PIT,1984,1990,0,0,1,8,45,13,2-11-0,224,454,2983,19,25,43,170,2,Purdue
124,1984,9,244,Mark Casale,QB,,CHI,,,0,0,0,,,,,,,,,,,,,Montclair St.
125,1984,11,281,Blair Kiel,QB,22,TAM,1984,1991,0,0,0,4,25,3,0-3-0,108,193,1296,8,7,16,105,1,Notre Dame
126,1984,11,296,Kyle Mackey,QB,22,STL,1987,1989,0,0,0,3,7,4,1-3-0,68,134,729,3,6,19,101,2,Texas A&M-Commerce
127,1984,12,336,Randy Essington,QB,,RAI,,,0,0,0,,,,,,,,,,,,,Colorado
128,1983,1,1,John Elway HOF,QB,23,BAL,1983,1998,0,9,16,138,234,231,148-82-1,4123,7250,51475,300,226,774,3407,33,Stanford
129,1983,1,7,Todd Blackledge,QB,22,KAN,1983,1989,0,0,0,12,46,29,15-14-0,424,881,5286,29,38,81,325,2,Penn St.
130,1983,1,14,Jim Kelly HOF,QB,23,BUF,1986,1996,1,5,11,103,160,160,101-59-0,2874,4779,35467,237,175,304,1049,7,Miami (FL)
131,1983,1,15,Tony Eason,QB,23,NWE,1983,1990,0,0,3,36,90,51,28-23-0,911,1564,11142,61,51,134,503,6,Illinois
132,1983,1,24,Ken O'Brien,QB,22,NYJ,1984,1993,0,2,7,72,129,110,50-59-1,2110,3602,25094,128,98,174,394,0,California-Davis
133,1983,1,27,Dan Marino HOF,QB,21,MIA,1983,1999,3,9,16,145,242,240,147-93-0,4967,8358,61361,420,252,301,87,9,Pittsburgh
134,1983,5,137,Jeff Christensen,QB,23,CIN,1983,1987,0,0,0,2,4,2,1-1-0,24,58,297,1,3,12,39,0,East. Illinois
135,1983,6,162,Reggie Collier,QB,22,DAL,1986,1987,0,0,0,1,6,1,0-1-0,12,22,206,3,3,10,73,0,Southern Miss
136,1983,6,168,Babe Laufenberg,QB,23,WAS,1986,1990,0,0,0,4,16,7,2-5-0,93,211,1057,5,11,33,126,0,Indiana
137,1983,8,197,Gary Kubiak,QB,22,DEN,1983,1991,0,0,0,7,119,5,3-2-0,173,298,1920,14,16,65,238,2,Texas A&M
138,1983,10,267,Tom Ramsey,QB,22,NWE,1986,1989,0,0,0,5,28,5,2-3-0,108,214,1285,7,10,21,82,1,UCLA
139,1983,10,272,Bruce Mathison,QB,24,SDG,1983,1987,0,0,0,6,18,9,2-7-0,152,309,2177,7,20,34,245,1,Nebraska
140,1983,11,280,Jim Bob Taylor,QB,23,BAL,1983,1983,0,0,0,0,8,0,,1,2,20,0,1,,,,Georgia Tech
141,1983,12,311,Clete Casper,QB,,RAM,,,0,0,0,,,,,,,,,,,,,Washington St.
142,1983,12,312,David Mangrum,QB,,PHI,,,0,0,0,,,,,,,,,,,,,Baylor
143,1983,12,333,Scott Lindquist,QB,,RAI,,,0,0,0,,,,,,,,,,,,,Northern Arizona
144,1982,1,4,Art Schlichter,QB,22,BAL,1982,1985,0,0,0,4,13,6,0-6-0,91,202,1006,3,11,22,161,1,Ohio St.
145,1982,1,5,Jim McMahon,QB,23,CHI,1982,1996,0,1,9,57,119,97,67-30-0,1492,2573,18148,100,90,338,1631,16,BYU
146,1982,2,44,Oliver Luck,QB,22,HOU,1983,1986,0,0,0,6,20,9,3-6-0,233,413,2544,13,21,44,237,1,West Virginia
147,1982,2,48,Matt Kofler,QB,23,BUF,1982,1985,0,0,0,3,41,1,0-1-0,91,202,1156,7,11,20,159,1,San Diego St.
148,1982,4,84,Mike Pagel,QB,21,BAL,1982,1993,0,0,4,30,132,54,17-36-1,756,1509,9414,49,63,136,831,4,Arizona St.
149,1982,6,149,Mike Kelley,QB,22,ATL,1987,1987,0,0,0,1,3,1,1-0-0,17,29,305,1,0,4,17,0,Georgia Tech
150,1982,6,154,Mike Machurek,QB,22,DET,1984,1984,0,0,0,1,4,0,,14,43,193,0,6,1,9,0,Idaho St.
151,1982,8,218,Luc Tousignant,QB,,BUF,,,0,0,0,,,,,,,,,,,,,Fairmont St.
152,1982,9,242,Bob Lane,QB,,TAM,,,0,0,0,,,,,,,,,,,,,La-Monroe
153,1982,9,251,Bryan Clark,QB,22,SFO,1984,1984,0,0,0,0,1,0,,,,,,,,,,Michigan St.
154,1982,10,261,Ron Reeves,QB,,HOU,,,0,0,0,,,,,,,,,,,,,Texas Tech
155,1982,11,282,Steve Michuta,QB,,CLE,,,0,0,0,,,,,,,,,,,,,Grand Valley St.
156,1982,11,291,Bob Holly,QB,22,WAS,1983,1985,0,0,0,1,10,0,,25,40,300,1,2,7,49,1,Princeton
157,1982,11,296,Steve Sandon,QB,,NWE,,,0,0,0,,,,,,,,,,,,,Northern Iowa
158,1982,12,333,Dan Feraday,QB,,CIN,,,0,0,0,,,,,,,,,,,,,Toronto
159,1981,1,6,Rich Campbell,QB,22,GNB,1981,1984,0,0,0,2,7,0,,31,68,386,3,9,2,2,0,California
160,1981,1,1,Dave Wilson,QB,22,NOR,1981,1988,0,0,2,16,53,31,12-19-0,551,1039,6987,36,55,45,23,2,Illinois
161,1981,2,33,Neil Lomax,QB,22,STL,1981,1988,0,2,7,70,108,101,47-52-2,1817,3153,22771,136,90,222,969,10,Portland
162,1981,4,90,Tom Flick,QB,23,WAS,1981,1986,0,0,0,1,21,3,1-2-0,47,106,506,2,10,6,5,1,Washington
163,1981,4,96,Brad Wright,QB,,MIA,,,0,0,0,,,,,,,,,,,,,New Mexico
164,1981,4,98,Mark Herrmann,QB,22,DEN,1982,1992,0,0,0,11,40,12,3-9-0,334,561,4015,16,36,35,-1,1,Purdue
165,1981,8,207,Mark Reed,QB,22,NYG,1983,1983,0,0,0,0,1,0,,6,10,34,0,1,2,27,0,Moorhead State (MN)
166,1981,8,210,Wade Wilson,QB,22,MIN,1981,1998,0,1,4,51,125,69,36-33-0,1391,2428,17283,99,102,239,1025,9,Texas A&M-Commerce
167,1981,9,228,Mike Ford,QB,,TAM,,,0,0,0,,,,,,,,,,,,,SMU
168,1981,10,255,Nickie Hall,QB,,GNB,,,0,0,0,,,,,,,,,,,,,Tulane
169,1981,10,257,Phil Kessel,QB,,WAS,,,0,0,0,,,,,,,,,,,,,Northern Michigan
170,1981,10,260,Tim Clifford,QB,,CHI,,,0,0,0,,,,,,,,,,,,,Indiana
171,1981,11,292,Rick Trocano,QB,22,PIT,1981,1982,0,0,0,0,8,0,,,,,,,,,,Pittsburgh
172,1981,11,295,Brian Buckley,QB,,NWE,,,0,0,0,,,,,,,,,,,,,Harvard
173,1981,12,312,Mark O'Connell,QB,,CIN,,,0,0,0,,,,,,,,,,,,,Ball St.
174,1981,12,319,Bob Gagliano,QB,23,KAN,1982,1992,0,0,0,13,32,13,7-6-0,249,486,3431,17,27,93,352,4,Utah St.
175,1981,12,322,Joe Adams,QB,,SFO,,,0,0,0,,,,,,,,,,,,,Tennessee St.
176,1980,1,15,Marc Wilson,QB,23,OAK,1980,1990,0,0,5,35,126,60,32-28-0,1085,2081,14391,86,102,141,611,5,BYU
177,1980,1,28,Mark Malone,QB,21,PIT,1980,1989,0,0,5,27,73,54,23-30-0,839,1648,10175,60,81,159,628,18,Arizona St.
178,1980,2,37,Gene Bradley,QB,,BUF,,,0,0,0,,,,,,,,,,,,,Arkansas St.
179,1980,4,85,Eric Hipple,QB,22,DET,1980,1989,0,0,4,38,102,57,28-29-0,830,1546,10711,55,70,145,550,13,Utah St.
180,1980,4,89,Rusty Lisch,QB,23,STL,1980,1984,0,0,0,2,30,2,0-1-0,55,115,547,1,11,20,130,0,Notre Dame
181,1980,4,101,Ed Luther,QB,23,SDG,1980,1984,0,0,0,7,61,9,2-7-0,245,460,3187,12,23,20,-19,0,San Jose St.
182,1980,4,109,Paul McDonald,QB,22,CLE,1980,1986,0,0,1,15,85,21,8-13-0,411,767,5269,24,37,37,6,1,USC
183,1980,5,133,Gary Hogeboom,QB,22,DAL,1980,1989,0,0,2,22,79,37,18-19-0,743,1325,9436,49,60,83,161,4,Central Michigan
184,1980,6,145,Scott Brunner,QB,23,NYG,1980,1985,0,0,2,17,73,30,12-18-0,512,1046,6457,29,54,72,137,1,Delaware
185,1980,7,182,Craig Bradshaw,QB,23,HOU,1980,1980,0,0,0,0,2,0,,,,,,,,,,Utah St.
186,1980,8,202,Todd Krueger,QB,,BUF,,,0,0,0,,,,,,,,,,,,,Northern Michigan
187,1980,8,214,David Woodley,QB,21,MIA,1980,1985,0,0,3,34,58,53,34-18-1,687,1300,8558,48,63,201,856,11,LSU
188,1980,9,237,Dan Hartwig,QB,,SFO,,,0,0,0,,,,,,,,,,,,,California Lutheran
189,1980,9,242,Turk Schonert,QB,23,CHI,1981,1989,0,0,0,12,72,12,7-5-0,311,504,3788,11,20,73,288,4,Stanford
190,1980,12,308,Mike Wright,QB,,CIN,,,0,0,0,,,,,,,,,,,,,Vanderbilt
191,1980,12,320,Jimmy Jordan,QB,,NWE,,,0,0,0,,,,,,,,,,,,,Florida St.
192,1980,12,332,Kevin Scanlon,QB,,RAM,,,0,0,0,,,,,,,,,,,,,Arkansas
193,1979,1,3,Jack Thompson,QB,23,CIN,1979,1984,0,0,1,13,51,21,4-17-0,449,845,5315,33,45,70,262,6,Washington St.
194,1979,1,7,Phil Simms,QB,23,NYG,1979,1993,0,2,11,91,164,159,95-64-0,2576,4647,33462,199,157,349,1252,6,Morehead St.
195,1979,1,23,Steve Fuller,QB,22,KAN,1979,1986,0,0,2,29,90,42,19-23-0,605,1066,7156,28,41,186,908,11,Clemson
196,1979,3,82,Joe Montana HOF,QB,23,SFO,1979,1994,3,8,12,123,192,164,117-47-0,3409,5391,40551,273,139,457,1676,20,Notre Dame
197,1979,4,97,Steve Dils,QB,23,MIN,1979,1988,0,0,1,15,106,27,10-17-0,504,972,5816,27,32,45,71,1,Stanford
198,1979,5,116,Dan Manucci,QB,22,BUF,1979,1987,0,0,0,0,19,1,0-1-0,12,27,132,0,2,7,35,0,Kansas St.
199,1979,5,132,Rick Leach,QB,,DEN,,,0,0,0,,,,,,,,,,,,,Michigan
200,1979,5,133,Chuck Fusina,QB,22,TAM,1979,1986,0,0,0,0,14,0,,22,37,198,1,2,11,28,0,Penn St.
201,1979,6,154,Mike Moroski,QB,22,ATL,1979,1986,0,0,0,7,69,9,3-6-0,241,425,2864,8,18,37,182,2,California-Davis
202,1979,9,231,Jeff Komlo,QB,23,DET,1979,1983,0,0,1,5,25,16,2-14-0,218,437,2603,12,28,38,121,2,Delaware
203,1979,9,246,Jeff Rutledge,QB,22,RAM,1979,1992,0,0,0,7,117,10,2-7-1,274,526,3628,16,29,52,93,1,Alabama
204,1979,10,253,David Marler,QB,,BUF,,,0,0,0,,,,,,,,,,,,,Mississippi St.
205,1979,11,288,Dan Sanders,QB,,NYJ,,,0,0,0,,,,,,,,,,,,,Carson-Newman
206,1979,11,295,Dave Rader,QB,,SDG,,,0,0,0,,,,,,,,,,,,,Tulsa
207,1979,12,327,Larry Fortner,QB,,MIA,,,0,0,0,,,,,,,,,,,,,Miami (OH)
208,1978,1,17,Doug Williams,QB,23,TAM,1978,1989,0,0,6,56,88,81,38-42-1,1240,2507,16998,100,93,220,884,15,Grambling St.
209,1978,2,50,Matt Cavanaugh,QB,21,NWE,1979,1991,0,0,1,15,112,19,8-11-0,305,579,4332,28,30,60,213,3,Pittsburgh
210,1978,2,51,Guy Benjamin,QB,23,MIA,1978,1983,0,0,0,1,19,0,,39,68,439,3,3,3,0,0,Stanford
211,1978,3,68,Mark Miller,QB,22,CLE,1978,1979,0,0,0,1,10,0,,15,47,243,1,5,8,61,1,Bowling Green
212,1978,3,73,Gifford Nielsen,QB,23,HOU,1978,1983,0,0,1,10,55,14,3-11-0,273,498,3255,20,22,29,89,0,BYU
213,1978,4,104,Pete Woods,QB,,KAN,,,0,0,0,,,,,,,,,,,,,Missouri
214,1978,4,105,Mark Manges,QB,22,RAM,1978,1978,0,0,0,0,1,0,,,,,,,,,,Maryland
215,1978,5,131,Rob Hertel,QB,23,CIN,1978,1978,0,0,0,0,3,0,,1,4,9,0,0,1,0,0,USC
216,1978,6,141,Mike Rieker,QB,,NOR,,,0,0,0,,,,,,,,,,,,,Lehigh
217,1978,8,200,Dennis Sproul,QB,22,GNB,1978,1978,0,0,0,0,6,0,,5,13,87,0,0,2,0,0,Arizona St.
218,1978,9,228,Keith Myers,QB,,GNB,,,0,0,0,,,,,,,,,,,,,Utah St.
219,1978,9,243,John Hurley,QB,,WAS,,,0,0,0,,,,,,,,,,,,,Santa Clara
220,1978,11,281,Pat Ryan,QB,22,NYJ,1978,1991,0,0,1,13,145,19,11-8-0,364,657,4320,31,35,53,156,1,Tennessee
221,1978,12,333,Bill Kenney,QB,23,MIA,1980,1988,0,1,7,51,106,77,34-43-0,1330,2430,17277,105,86,123,191,5,Northern Colorado
222,1977,1,19,Steve Pisarkiewicz,QB,23,STL,1978,1980,0,0,0,2,10,4,2-2-0,64,143,804,3,7,16,19,0,Missouri
223,1977,1,27,Tommy Kramer,QB,22,MIN,1977,1990,0,1,7,70,129,110,54-56-0,2012,3651,24777,159,158,214,531,8,Rice
224,1977,2,54,Glenn Carano,QB,21,DAL,1978,1983,0,0,0,1,36,1,1-0-0,21,57,304,3,1,12,15,0,UNLV
225,1977,4,91,Vince Ferragamo,QB,23,RAM,1977,1986,0,0,4,32,75,53,27-26-0,902,1615,11336,76,91,60,77,3,Nebraska
226,1977,5,115,Fred Besana,QB,,BUF,,,0,0,0,,,,,,,,,,,,,California
227,1977,5,117,Randy Dean,QB,22,NYG,1977,1979,0,0,0,2,23,3,1-2-0,30,65,279,1,5,22,150,1,Northwestern
228,1977,5,121,Cliff Stoudt,QB,22,PIT,1980,1989,0,0,1,16,66,20,9-11-0,359,684,4506,23,43,122,661,4,Youngstown St.
229,1977,5,128,Cliff Olander,QB,22,SDG,1977,1979,0,0,0,1,15,1,1-0-0,12,24,125,0,3,8,27,0,New Mexico St.
230,1977,6,140,Vince Evans,QB,22,CHI,1977,1995,0,0,2,29,100,39,14-25-0,704,1390,9485,52,74,212,1129,14,USC
231,1977,6,160,Tom Duniven,QB,23,CIN,1977,1977,0,0,0,0,1,0,,,,,,,,,,Texas Tech
232,1977,8,196,Randy Hedberg,QB,22,TAM,1977,1977,0,0,0,1,7,4,0-4-0,25,90,244,0,10,9,35,0,Minot St.
233,1977,8,206,David Whitehurst,QB,22,GNB,1977,1983,0,0,2,20,54,37,16-20-1,504,980,6205,28,51,77,242,7,Furman
234,1977,9,227,Matt Robinson,QB,22,NYJ,1977,1982,0,0,1,12,69,20,10-10-0,244,523,3519,18,38,58,117,4,Georgia
235,1977,9,236,Steve Mathieson,QB,,DET,,,0,0,0,,,,,,,,,,,,,Florida St.
236,1977,10,254,Sam Adkins,QB,22,SEA,1977,1981,0,0,0,2,11,0,,17,39,232,2,4,14,63,0,Wichita St.
237,1977,10,261,Mark Vitali,QB,,KAN,,,0,0,0,,,,,,,,,,,,,Purdue
238,1977,10,275,Steve DeBerg,QB,23,DAL,1978,1998,0,0,11,78,206,140,53-86-1,2874,5024,34241,196,204,204,200,7,San Jose St.
239,1977,11,286,Mike Cordova,QB,,PHI,,,0,0,0,,,,,,,,,,,,,Stanford
240,1976,1,6,Richard Todd,QB,22,NYJ,1976,1985,0,0,7,62,119,108,48-59-1,1610,2967,20610,124,161,259,932,14,Alabama
241,1976,2,47,Mike Kruczek,QB,23,PIT,1976,1980,0,0,0,7,36,7,6-1-0,93,154,1185,0,8,37,138,2,Boston Col.
242,1976,2,50,Jeb Blount,QB,22,OAK,1977,1977,0,0,0,1,5,4,0-4-0,37,89,522,0,7,5,26,0,Tulsa
243,1976,4,93,Steve Myer,QB,22,SEA,1977,1979,0,0,0,4,12,4,1-3-0,83,160,851,6,14,9,11,0,New Mexico
244,1976,4,97,Gene Swick,QB,,CLE,,,0,0,0,,,,,,,,,,,,,Toledo
245,1976,4,107,Craig Penrose,QB,23,DEN,1976,1979,0,0,0,3,18,4,3-1-0,55,117,711,5,12,7,21,0,San Diego St.
246,1976,5,143,Mike Kirkland,QB,22,BAL,1978,1978,0,0,0,1,16,2,0-2-0,19,41,211,1,8,8,35,0,Arkansas
247,1976,6,177,Scott Bull,QB,23,SFO,1976,1978,0,0,0,5,36,7,3-4-0,76,193,992,3,17,49,186,3,Arkansas
248,1976,7,183,Parnell Dickinson,QB,23,TAM,1976,1976,0,0,0,1,8,1,0-1-0,15,39,210,1,5,13,103,0,Miss. Valley St.
249,1976,7,187,Bob Bateman,QB,,CIN,,,0,0,0,,,,,,,,,,,,,Brown
250,1976,8,215,Scott Gardner,QB,,BUF,,,0,0,0,,,,,,,,,,,,,Virginia
251,1976,9,261,Craig Nagel,QB,,CLE,,,0,0,0,,,,,,,,,,,,,Purdue
252,1976,10,279,Bill Bowerman,QB,,DET,,,0,0,0,,,,,,,,,,,,,New Mexico St.
253,1976,10,284,Steve Kincannon,QB,,HOU,,,0,0,0,,,,,,,,,,,,,Humboldt St.
254,1976,10,289,Bill Salmon,QB,,MIN,,,0,0,0,,,,,,,,,,,,,Northern Iowa
255,1976,11,294,Greg Kokal,QB,,NOR,,,0,0,0,,,,,,,,,,,,,Kent St.
256,1976,11,317,Cornelius Greene,QB,,DAL,,,0,0,0,,,,,,,,,,,,,Ohio St.
257,1976,12,327,Dave Buckey,QB,,NYJ,,,0,0,0,,,,,,,,,,,,,North Carolina St.
258,1976,12,333,Jerry Golsteyn,QB,22,NYG,1977,1983,0,0,0,2,21,9,2-7-0,92,217,1077,2,13,10,-4,0,Northern Illinois
259,1976,13,361,Joe Bruner,QB,,KAN,,,0,0,0,,,,,,,,,,,,,La-Monroe
260,1976,13,373,Steve Hamilton,QB,,RAM,,,0,0,0,,,,,,,,,,,,,Emporia St.
261,1976,13,374,Mark Driscoll,QB,,DAL,,,0,0,0,,,,,,,,,,,,,Colorado St.
262,1976,15,425,Lynn Hieber,QB,,CIN,,,0,0,0,,,,,,,,,,,,,
263,1976,17,460,Jack Berry,QB,,TAM,,,0,0,0,,,,,,,,,,,,,Washington & Lee
264,1976,17,461,Chris Rowland,QB,,SEA,,,0,0,0,,,,,,,,,,,,,Washington
265,1976,17,480,Jeff Grantz,QB,,MIA,,,0,0,0,,,,,,,,,,,,,South Carolina
266,1975,1,1,Steve Bartkowski,QB,22,ATL,1975,1986,0,2,10,70,129,127,59-68-0,1932,3456,24124,156,144,178,239,11,California
267,1975,3,64,Gary Sheide,QB,,CIN,,,0,0,0,,,,,,,,,,,,,BYU
268,1975,5,116,Steve Grogan,QB,22,NWE,1975,1990,0,0,10,90,149,135,75-60-0,1879,3593,26886,182,208,445,2176,35,Kansas St.
269,1975,5,128,David Humm,QB,23,OAK,1975,1984,0,0,0,2,95,1,0-1-0,63,137,753,3,8,16,28,0,Nebraska
270,1975,6,135,Bob Avellini,QB,22,CHI,1975,1984,0,0,3,28,73,50,23-27-0,560,1110,7111,33,69,104,225,5,Maryland
271,1975,6,142,Tom Shuman,QB,,CIN,,,0,0,0,,,,,,,,,,,,,Penn St.
272,1975,7,160,Steve Joachim,QB,23,BAL,1976,1976,0,0,0,0,1,0,,,,,,,,,,Temple
273,1975,7,176,Pat Haden,QB,22,RAM,1976,1981,0,1,4,33,65,55,35-19-1,731,1363,9296,52,60,124,609,6,USC
274,1975,9,232,Harry Knight,QB,,OAK,,,0,0,0,,,,,,,,,,,,,Richmond
275,1975,12,295,Rick Worley,QB,,SFO,,,0,0,0,,,,,,,,,,,,,Howard Payne
276,1975,12,296,Carlos Brown,QB,23,GNB,1975,1976,0,0,0,2,26,3,0-3-0,29,78,396,3,6,12,49,0,Pacific
277,1975,12,306,Condredge Holloway,QB,,NWE,,,0,0,0,,,,,,,,,,,,,Tennessee
278,1975,14,350,Jim McMillan,QB,,DET,,,0,0,0,,,,,,,,,,,,,Boise St.
279,1975,14,361,John Graham,QB,,MIA,,,0,0,0,,,,,,,,,,,,,Colorado St.
280,1975,14,362,Tom Doyle,QB,,OAK,,,0,0,0,,,,,,,,,,,,,Yale
281,1975,15,383,Chris Kupec,QB,,BUF,,,0,0,0,,,,,,,,,,,,,North Carolina
282,1975,15,385,Alvin White,QB,,RAM,,,0,0,0,,,,,,,,,,,,,Oregon St.
283,1975,16,392,Bill Malouf,QB,,BAL,,,0,0,0,,,,,,,,,,,,,Mississippi
284,1975,17,418,Mitch Anderson,QB,,ATL,,,0,0,0,,,,,,,,,,,,,Northwestern
285,1975,17,423,Neal Jeffrey,QB,22,SDG,1976,1976,0,0,0,0,5,0,,2,2,11,0,0,1,0,0,Baylor
286,1974,1,1,Clint Longley,QB,22,CIN,1974,1976,0,0,0,2,9,2,2-0-0,31,68,441,5,4,11,21,0,Abilene Christian
287,1974,3,53,Danny White,QB,22,DAL,1976,1988,0,1,11,84,166,92,62-30-0,1761,2950,21959,155,132,159,482,8,Arizona St.
288,1974,3,66,David Jaynes,QB,21,KAN,1974,1974,0,0,0,0,2,0,,0,2,0,0,1,1,0,0,Kansas
289,1974,3,69,Kim McQuilken,QB,23,ATL,1974,1979,0,0,0,4,26,7,2-5-0,108,272,1135,4,29,19,49,0,Lehigh
290,1974,3,70,Gary Marangi,QB,22,BUF,1974,1976,0,0,1,3,19,7,0-7-0,104,283,1373,12,21,50,328,2,Boston Col.
291,1974,4,80,Carl Summerell,QB,22,NYG,1974,1975,0,0,0,0,10,0,,13,29,157,0,5,5,12,0,East Carolina
292,1974,4,87,Mike Boryla,QB,23,CIN,1974,1978,0,1,1,8,23,19,8-11-0,272,519,2838,20,29,43,224,2,Stanford
293,1974,4,99,Norris Weese,QB,23,RAM,1976,1979,0,0,1,9,57,7,5-2-0,143,251,1887,7,14,69,362,5,Mississippi
294,1974,6,133,Jesse Freitas,QB,22,SDG,1974,1975,0,0,0,5,13,7,2-5-0,98,219,1244,8,13,17,72,0,San Diego St.
295,1974,8,186,Alan Chadwick,QB,,CHI,,,0,0,0,,,,,,,,,,,,,East Tennessee St.
296,1974,8,203,Gregg Hare,QB,,BUF,,,0,0,0,,,,,,,,,,,,,Ohio St.
297,1974,10,260,Gary Valbuena,QB,,MIA,,,0,0,0,,,,,,,,,,,,,Tennessee
298,1974,12,307,Bo Bobrowski,QB,,BAL,,,0,0,0,,,,,,,,,,,,,Purdue
299,1974,12,309,Keith Bobo,QB,,DAL,,,0,0,0,,,,,,,,,,,,,SMU
300,1974,13,316,Joe Barnes,QB,22,CHI,1974,1974,0,0,0,0,3,0,,2,9,29,0,1,1,19,0,Texas Tech
1,1974,13,322,Tom Owen,QB,22,SFO,1974,1981,0,0,1,8,26,9,4-5-0,170,349,2300,14,26,19,36,1,Wichita St.
2,1974,13,333,Frank Kolch,QB,,PIT,,,0,0,0,,,,,,,,,,,,,East. Michigan
3,1974,14,361,Don Van Galder,QB,,WAS,,,0,0,0,,,,,,,,,,,,,Utah
4,1974,15,373,Larry Cipa,QB,22,NOR,1974,1975,0,0,0,1,8,3,1-2-0,34,92,424,1,3,18,37,1,Michigan
5,1974,15,379,Piel Pennington,QB,,DEN,,,0,0,0,,,,,,,,,,,,,Massachusetts
6,1974,17,420,Craig Holland,QB,,CHI,,,0,0,0,,,,,,,,,,,,,Texas-Arlington
7,1973,1,2,Bert Jones,QB,22,BAL,1973,1982,1,1,6,81,102,96,47-49-0,1430,2551,18190,124,101,247,1429,14,LSU
8,1973,2,33,Gary Huff,QB,22,CHI,1973,1978,0,0,3,10,57,28,7-21-0,392,788,4329,16,50,50,86,2,Florida St.
9,1973,2,37,Ron Jaworski,QB,22,RAM,1974,1989,0,1,10,84,188,143,73-69-1,2187,4117,28190,179,164,257,859,16,Youngstown St.
10,1973,2,45,Gary Keithley,QB,22,STL,1973,1973,0,0,1,3,14,2,1-1-0,32,73,369,1,5,8,29,0,Texas-El Paso
11,1973,3,57,Joe Ferguson,QB,23,BUF,1973,1990,0,0,11,80,186,171,79-92-0,2369,4519,29817,196,209,353,1217,11,Arkansas
12,1973,3,64,Dan Fouts HOF,QB,22,SDG,1973,1987,2,6,14,122,181,171,86-84-1,3297,5604,43040,254,242,224,476,13,Oregon
13,1973,4,80,Mike Wells,QB,22,MIN,1977,1977,0,0,0,0,7,0,,,,,,,,,,Illinois
14,1973,4,100,Randy Mattingly,QB,,CLE,,,0,0,0,,,,,,,,,,,,,Evansville
15,1973,5,111,Don Strock,QB,22,MIA,1974,1988,0,0,0,18,167,22,16-6-0,443,779,5349,45,42,57,18,2,Virginia Tech
16,1973,8,204,Dan Werner,QB,,DAL,,,0,0,0,,,,,,,,,,,,,Michigan St.
17,1973,8,205,Mike Rae,QB,22,OAK,1976,1979,0,0,0,9,28,8,4-4-0,124,249,1536,12,14,44,300,2,USC
18,1973,9,225,Ty Paine,QB,,NYG,,,0,0,0,,,,,,,,,,,,,Washington St.
19,1973,10,240,Matthew Reed,QB,,BUF,,,0,0,0,,,,,,,,,,,,,Grambling St.
20,1973,13,322,Tom Pierantozzi,QB,,BAL,,,0,0,0,,,,,,,,,,,,,West Chester
21,1973,14,343,Tony Adams,QB,23,SDG,1975,1987,0,0,0,9,53,10,1-9-0,212,408,2733,12,27,38,155,0,Utah St.
22,1973,14,348,John Hufnagel,QB,21,DEN,1974,1975,0,0,0,2,9,1,0-1-0,22,61,357,1,9,10,69,0,Penn St.
23,1973,14,351,John Madeya,QB,,ATL,,,0,0,0,,,,,,,,,,,,,Louisville
24,1973,14,357,Dennis Morrison,QB,22,SFO,1974,1974,0,0,0,1,3,2,0-2-0,21,51,227,1,5,1,0,0,Kansas St.
25,1973,15,380,Ted McNulty,QB,,CIN,,,0,0,0,,,,,,,,,,,,,Indiana
26,1973,17,420,Eddie McAshan,QB,,NWE,,,0,0,0,,,,,,,,,,,,,Georgia Tech
27,1973,17,421,Eric Crone,QB,,STL,,,0,0,0,,,,,,,,,,,,,Harvard
28,1973,17,433,Wayne Estabrook,QB,,CIN,,,0,0,0,,,,,,,,,,,,,Whittier
29,1972,1,11,Jerry Tagge,QB,22,GNB,1972,1974,0,0,1,8,18,12,6-6-0,136,281,1583,3,17,41,117,3,Nebraska
30,1972,1,14,John Reaves,QB,22,PHI,1972,1987,0,0,0,10,51,17,4-13-0,286,616,3617,17,34,44,195,3,Florida
31,1972,2,40,Pat Sullivan,QB,22,ATL,1972,1975,0,0,0,3,30,4,0-5-0,93,220,1155,5,16,14,55,0,Auburn
32,1972,7,167,Jim Fassel,QB,,CHI,,,0,0,0,,,,,,,,,,,,,Long Beach St.
33,1972,7,179,Dean Carlson,QB,22,KAN,1974,1974,0,0,0,0,1,0,,7,15,116,0,1,2,17,0,Iowa St.
34,1972,8,204,Van Brownson,QB,,BAL,,,0,0,0,,,,,,,,,,,,,Nebraska
35,1972,8,207,Craig Curry,QB,,MIA,,,0,0,0,,,,,,,,,,,,,Minnesota
36,1972,10,250,Mike Franks,QB,,STL,,,0,0,0,,,,,,,,,,,,,East. New Mexico
37,1972,11,273,Joe Gilliam,QB,21,PIT,1972,1975,0,0,0,10,20,7,4-2-1,147,331,2103,9,17,22,64,1,Tennessee St.
38,1972,12,307,Don Bunce,QB,,WAS,,,0,0,0,,,,,,,,,,,,,Stanford
39,1972,13,314,James Hamilton,QB,,CIN,,,0,0,0,,,,,,,,,,,,,Arkansas St.
40,1972,13,330,Brian Sipe,QB,23,CLE,1974,1983,1,1,8,75,125,112,57-55-0,1944,3439,23713,154,149,223,762,11,San Diego St.
41,1972,14,356,Eric Guthrie,QB,,SFO,,,0,0,0,,,,,,,,,,,,,Boise St.
42,1972,15,372,Rusty Lachaussee,QB,,NOR,,,0,0,0,,,,,,,,,,,,,Tulane
43,1972,16,391,Brian Linstrom,QB,,BUF,,,0,0,0,,,,,,,,,,,,,Arizona
44,1972,16,412,Gary Wichard,QB,,BAL,,,0,0,0,,,,,,,,,,,,,C.W. Post
45,1972,16,414,Neil Graff,QB,22,MIN,1974,1977,0,0,0,1,29,2,0-2-0,25,48,288,2,3,7,5,0,Wisconsin
46,1972,16,416,Gordon Longmire,QB,,DAL,,,0,0,0,,,,,,,,,,,,,Utah
47,1972,17,421,Kelly Cochrane,QB,,HOU,,,0,0,0,,,,,,,,,,,,,Miami (FL)
48,1971,1,1,Jim Plunkett,QB,23,NWE,1971,1986,0,0,10,85,157,144,72-72-0,1943,3701,25882,164,198,323,1337,14,Stanford
49,1971,1,2,Archie Manning,QB,22,NOR,1971,1984,0,2,11,75,151,139,35-101-3,2011,3642,23911,125,173,384,2197,18,Mississippi
50,1971,1,3,Dan Pastorini,QB,22,HOU,1971,1983,0,1,9,60,140,117,56-61-0,1556,3055,18515,103,161,216,685,8,Santa Clara
51,1971,3,56,Lynn Dickey,QB,21,HOU,1971,1985,0,0,8,65,152,111,45-63-3,1747,3125,23322,141,179,140,121,9,Kansas St.
52,1971,3,59,Leo Hart,QB,22,ATL,1971,1972,0,0,0,0,3,1,0-1-0,6,16,53,0,3,5,19,0,Duke
53,1971,3,67,Ken Anderson,QB,22,CIN,1971,1986,1,4,13,121,192,172,91-81-0,2654,4475,32838,197,160,397,2220,20,Augustana (IL)
54,1971,3,78,Karl Douglas,QB,,BAL,,,0,0,0,,,,,,,,,,,,,Texas A&M-Kingsville
55,1971,4,99,Joe Theismann,QB,21,MIA,1974,1985,1,2,8,87,167,124,77-47-0,2044,3602,25206,160,138,355,1815,17,Notre Dame
56,1971,6,140,Scott Hunter,QB,23,GNB,1971,1979,0,0,4,20,64,42,21-18-3,335,748,4756,23,38,95,204,13,Alabama
57,1971,6,150,Frank Harris,QB,,DET,,,0,0,0,,,,,,,,,,,,,Boston Col.
58,1971,7,167,Buddy Lee,QB,,CHI,,,0,0,0,,,,,,,,,,,,,LSU
59,1971,11,280,Charlie Richards,QB,,RAM,,,0,0,0,,,,,,,,,,,,,Richmond
60,1971,11,283,Joe Reed,QB,23,SFO,1972,1979,0,0,1,12,50,19,9-10-0,225,513,2825,18,31,84,484,2,Mississippi St.
61,1971,12,303,Tim Von Dulm,QB,,STL,,,0,0,0,,,,,,,,,,,,,Portland
62,1971,12,311,Steve Goepel,QB,,DAL,,,0,0,0,,,,,,,,,,,,,Colgate
63,1971,13,316,Busty Underwood,QB,,BUF,,,0,0,0,,,,,,,,,,,,,TCU
64,1971,13,321,Craig Blackford,QB,,DEN,,,0,0,0,,,,,,,,,,,,,Evansville
65,1971,13,328,Chuck Hixson,QB,,KAN,,,0,0,0,,,,,,,,,,,,,SMU
66,1971,14,340,Bobby Scott,QB,22,NOR,1973,1981,0,0,1,9,41,14,4-10-0,237,500,2781,15,28,30,74,1,Tennessee
67,1971,14,349,Bill Bynum,QB,,WAS,,,0,0,0,,,,,,,,,,,,,West. New Mexico
68,1971,15,376,Ron Maciejowski,QB,,CHI,,,0,0,0,,,,,,,,,,,,,Ohio St.
69,1970,1,1,Terry Bradshaw HOF,QB,22,PIT,1970,1983,1,3,13,106,168,158,107-51-0,2025,3901,27989,212,210,444,2257,32,Louisiana Tech
70,1970,1,3,Mike Phipps,QB,22,CLE,1970,1981,0,0,5,40,119,71,38-31-2,886,1799,10506,55,108,254,1278,13,Purdue
71,1970,2,30,Dennis Shaw,QB,23,BUF,1970,1975,0,0,3,19,50,37,8-27-2,489,924,6347,35,68,95,420,0,San Diego St.
72,1970,2,51,Bill Cappleman,QB,23,MIN,1970,1973,0,0,0,0,8,0,,9,18,82,0,1,1,-2,0,Florida St.
73,1970,5,126,Steve Ramsey,QB,22,NOR,1970,1976,0,0,2,23,54,31,14-17-0,456,921,6437,35,58,33,108,2,North Texas
74,1970,6,133,Bobby Cutburth,QB,,CHI,,,0,0,0,,,,,,,,,,,,,Oklahoma St.
75,1970,6,138,Rusty Clark,QB,,SFO,,,0,0,0,,,,,,,,,,,,,Houston
76,1970,6,151,Mike Cilek,QB,,CLE,,,0,0,0,,,,,,,,,,,,,Iowa
77,1970,7,174,Gordon Slade,QB,,BAL,,,0,0,0,,,,,,,,,,,,,Davidson
78,1970,8,198,Wayne Clark,QB,23,SDG,1970,1975,0,0,0,2,40,5,1-4-0,52,120,745,0,14,16,86,1,U.S. International
79,1970,8,201,Mike Holmgren,QB,,STL,,,0,0,0,,,,,,,,,,,,,USC
80,1970,10,251,Frank Patrick,QB,23,GNB,1970,1972,0,0,0,0,4,0,,8,23,107,0,2,2,5,0,Nebraska
81,1970,12,308,Larry Arnold,QB,,RAM,,,0,0,0,,,,,,,,,,,,,Hawaii
82,1970,16,401,Bobby Stewart,QB,,DEN,,,0,0,0,,,,,,,,,,,,,Northern Arizona
83,1969,1,5,Greg Cook,QB,22,CIN,1969,1973,0,0,1,10,12,11,4-6-1,107,200,1865,15,11,25,148,1,Cincinnati
84,1969,1,9,Marty Domres,QB,22,SDG,1969,1977,0,0,2,19,90,32,12-20-0,399,809,4904,27,50,130,679,10,Columbia
85,1969,2,30,Terry Hanratty,QB,21,PIT,1969,1976,0,0,0,8,50,18,6-12-0,165,431,2510,24,35,21,99,1,Notre Dame
86,1969,2,41,Bobby Douglass,QB,22,CHI,1969,1978,0,0,4,37,91,53,16-36-1,507,1178,6493,36,64,410,2654,22,Kansas
87,1969,2,52,Al Woodall,QB,23,NYJ,1969,1974,0,0,2,13,31,19,5-14-0,246,503,2970,18,23,60,214,0,Duke
88,1969,5,110,Onree Jackson,QB,,BOS,,,0,0,0,,,,,,,,,,,,,Alabama A&M
89,1969,8,192,James Harris,QB,22,BUF,1969,1979,0,1,4,38,83,41,25-16-0,607,1149,8136,45,59,121,367,10,Grambling St.
90,1969,9,232,Larry Good,QB,,BAL,,,0,0,0,,,,,,,,,,,,,Georgia Tech
91,1969,10,236,Sonny Wade,QB,,PHI,,,0,0,0,,,,,,,,,,,,,Emory & Henry
92,1969,10,256,Bob Naponic,QB,22,HOU,1970,1970,0,0,0,0,2,0,,6,20,85,0,2,3,12,0,Illinois
93,1969,11,270,Alan Pastrana,QB,24,DEN,1969,1970,0,0,0,2,7,3,0-2-1,29,75,420,1,9,14,89,1,Maryland
94,1969,11,277,Brian Dowling,QB,22,MIN,1972,1977,0,0,0,1,27,0,,29,55,383,2,1,7,35,3,Yale
95,1969,12,307,Tim Carr,QB,,RAM,,,0,0,0,,,,,,,,,,,,,C.W. Post
96,1969,12,308,Bob Belden,QB,,DAL,,,0,0,0,,,,,,,,,,,,,Notre Dame
97,1969,14,357,Ed Roseborough,QB,,STL,,,0,0,0,,,,,,,,,,,,,Arizona St.
98,1969,16,397,Ed Hargett,QB,22,NOR,1969,1973,0,0,0,12,49,8,1-5-1,205,437,2727,11,10,18,46,1,Texas A&M
99,1969,17,425,Buster O'Brien,QB,,DEN,,,0,0,0,,,,,,,,,,,,,Richmond
100,1968,1,11,Greg Landry,QB,21,DET,1968,1984,0,1,6,80,146,98,44-51-3,1276,2300,16052,98,103,430,2655,21,Massachusetts
101,1968,2,30,Gary Beban,QB,22,RAM,1968,1969,0,0,0,0,5,0,,0,1,0,0,0,5,18,0,UCLA
102,1968,2,48,Mike Livingston,QB,22,KAN,1968,1979,0,1,5,43,91,75,31-43-1,912,1751,11295,56,83,156,682,7,SMU
103,1968,2,52,Ken Stabler,QB,22,OAK,1970,1984,1,4,11,94,184,146,96-49-1,2270,3793,27938,194,222,118,93,4,Alabama
104,1968,3,56,Gary Davis,QB,,CIN,,,0,0,0,,,,,,,,,,,,,Vanderbilt
105,1968,3,67,Billy Stevens,QB,23,GNB,1968,1969,0,0,0,0,3,0,,1,5,12,0,0,,,,Texas-El Paso
106,1968,5,115,Ronnie Lee South,QB,23,NOR,1968,1968,0,0,0,0,4,0,,14,38,129,1,3,4,5,0,Arkansas
107,1968,6,142,Kim Hammond,QB,23,MIA,1968,1969,0,0,0,0,6,0,,15,32,147,0,2,1,0,0,Florida St.
108,1968,6,155,Dewey Warren,QB,23,CIN,1968,1968,0,0,0,2,7,4,0-4-0,47,80,506,1,4,4,17,0,Tennessee
109,1968,7,170,John Schneider,QB,,BOS,,,0,0,0,,,,,,,,,,,,,Toledo
110,1968,8,201,Danny Holman,QB,,PIT,,,0,0,0,,,,,,,,,,,,,San Jose St.
111,1968,9,229,Greg Barton,QB,22,DET,1969,1969,0,0,0,0,1,0,,0,1,0,0,0,,,,Tulsa
112,1968,11,282,Kim King,QB,,PIT,,,0,0,0,,,,,,,,,,,,,Georgia Tech
113,1968,11,293,Jim Alcorn,QB,,CLE,,,0,0,0,,,,,,,,,,,,,Clarion
114,1968,12,315,Henry Johnson,QB,,SFO,,,0,0,0,,,,,,,,,,,,,Fisk
115,1968,13,336,Dan Darragh,QB,21,BUF,1968,1970,0,0,1,-2,17,11,1-10-0,127,296,1353,4,22,20,51,0,William & Mary
116,1968,15,387,Jim Haynie,QB,,MIN,,,0,0,0,,,,,,,,,,,,,West Chester
117,1968,15,404,Jeff Beaver,QB,,BAL,,,0,0,0,,,,,,,,,,,,,North Carolina
118,1968,17,441,Bob Lee,QB,22,MIN,1969,1980,0,0,4,21,77,30,19-10-0,368,730,5034,30,40,92,197,3,Pacific
119,1967,1,3,Steve Spurrier,QB,22,SFO,1967,1976,0,0,6,26,106,38,13-24-1,597,1151,6878,40,60,61,258,2,Florida
120,1967,1,4,Bob Griese HOF,QB,22,MIA,1967,1980,2,8,12,104,161,151,92-56-3,1926,3429,25092,192,172,261,994,7,Purdue
121,1967,1,25,Don Horn,QB,22,GNB,1967,1974,0,0,1,10,57,15,6-8-1,232,465,3369,20,36,18,3,1,San Diego St.
122,1967,2,30,Bob Davis,QB,21,HOU,1967,1973,0,0,1,9,40,14,6-7-1,137,324,1553,14,23,52,332,2,Virginia
123,1967,3,69,Vidal Carlin,QB,,STL,,,0,0,0,,,,,,,,,,,,,North Texas
124,1967,5,109,Dave Lewis,QB,21,NYG,1970,1973,1,0,4,13,56,0,,6,14,57,0,0,12,22,0,Stanford
125,1967,6,137,Terry Southall,QB,,BAL,,,0,0,0,,,,,,,,,,,,,Baylor
126,1967,6,141,Tim Jones,QB,,DET,,,0,0,0,,,,,,,,,,,,,Weber St.
127,1967,6,142,Virgil Carter,QB,21,CHI,1968,1976,0,0,2,26,52,30,16-14-0,425,785,5063,29,31,109,640,8,BYU
128,1967,6,155,Rick Egloff,QB,,OAK,,,0,0,0,,,,,,,,,,,,,Wyoming
129,1967,7,162,Corey Colehour,QB,,ATL,,,0,0,0,,,,,,,,,,,,,North Dakota
130,1967,7,168,Bruce Matte,QB,,WAS,,,0,0,0,,,,,,,,,,,,,Miami (OH)
131,1967,8,208,Steve Laub,QB,,DAL,,,0,0,0,,,,,,,,,,,,,Illinois Wesleyan
132,1967,10,243,Paul Krause,QB,,DEN,,,0,0,0,,,,,,,,,,,,,Dubuque
133,1967,11,287,Dave Bennett,QB,,GNB,,,0,0,0,,,,,,,,,,,,,Springfield
134,1967,12,309,Ben Monroe,QB,,PHI,,,0,0,0,,,,,,,,,,,,,New Mexico
135,1967,16,416,Paul Brothers,QB,,DAL,,,0,0,0,,,,,,,,,,,,,Oregon St.
136,1967,17,424,Bill Buckner,QB,,ATL,,,0,0,0,,,,,,,,,,,,,Delta St.
137,1967,17,430,Bob Biletnikoff,QB,,NYJ,,,0,0,0,,,,,,,,,,,,,Miami (FL)
138,1967,17,432,Danny Talbott,QB,,SFO,,,0,0,0,,,,,,,,,,,,,North Carolina
139,1966,1,16,Randy Johnson,QB,22,ATL,1966,1976,0,0,2,24,75,49,10-38-1,647,1286,8329,51,90,114,573,10,Texas A&M-Kingsville
140,1966,2,29,Rick Norton,QB,22,CLE,1966,1970,0,0,0,6,32,11,1-10-0,159,382,1815,7,30,19,41,0,Kentucky
141,1966,4,58,Gary Snook,QB,,STL,,,0,0,0,,,,,,,,,,,,,Iowa
142,1966,7,62,Scotty Glacken,QB,22,DEN,1966,1967,0,0,0,0,10,1,0-1-0,6,15,84,1,0,3,9,0,Duke
143,1966,6,88,Tim Van Galder,QB,22,STL,1972,1972,0,0,0,2,5,5,1-3-1,40,79,434,1,7,9,28,0,Iowa St.
144,1966,7,107,Ron Meyer,QB,22,CHI,1966,1966,0,0,0,0,4,0,,7,19,59,0,1,1,-2,0,South Dakota St.
145,1966,8,125,Jack White,QB,,BAL,,,0,0,0,,,,,,,,,,,,,Penn St.
146,1966,15,129,Billy Laird,QB,,BOS,,,0,0,0,,,,,,,,,,,,,Louisiana Tech
147,1966,11,156,Steve Sloan,QB,22,ATL,1966,1967,0,0,0,0,8,1,0-1-0,10,31,134,0,4,1,2,0,Alabama
148,1966,18,158,Ed Buzzell,QB,,HOU,,,0,0,0,,,,,,,,,,,,,
149,1966,13,188,Benjy Dial,QB,23,PIT,1967,1967,0,0,0,0,1,0,,1,3,5,0,0,,,,East. New Mexico
150,1966,14,215,Jim Ward,QB,22,BAL,1967,1971,0,0,0,1,13,0,,13,26,165,2,2,5,23,0,Gettysburg
151,1966,16,241,Jim LeClair,QB,22,SFO,1967,1968,0,0,0,2,8,4,0-4-0,46,99,676,2,6,20,46,1,C.W. Post
152,1966,17,248,Mike Brundage,QB,,PIT,,,0,0,0,,,,,,,,,,,,,Oregon
153,1966,17,252,Benny Russell,QB,22,STL,1968,1968,0,0,0,0,1,0,,1,2,3,0,0,,,,Louisville
154,1966,18,263,Ken Lucas,QB,,PIT,,,0,0,0,,,,,,,,,,,,,Pittsburgh
155,1966,19,278,Dave Neilson,QB,,PIT,,,0,0,0,,,,,,,,,,,,,Albion
156,1965,1,5,Craig Morton,QB,22,DAL,1965,1982,0,0,11,82,207,144,81-62-1,2053,3786,27908,183,187,215,627,12,California
157,1965,1,12,Joe Namath HOF,QB,22,STL,1965,1977,1,5,9,94,140,129,62-63-4,1886,3762,27663,173,220,71,140,7,Alabama
158,1965,3,29,Bob Schweickert,QB,22,SFO,1965,1967,0,0,0,0,6,0,,,,,,,1,1,0,Virginia Tech
159,1965,4,46,Tom Myers,QB,22,DET,1965,1966,0,0,0,0,2,0,,3,6,16,0,2,,,,Northwestern
160,1965,7,51,Archie Roberts,QB,22,NYJ,1967,1967,0,0,0,0,1,0,,5,10,11,0,1,,,,Columbia
161,1965,8,61,Danny Thomas,QB,,KAN,,,0,0,0,,,,,,,,,,,,,SMU
162,1965,9,70,Jerry Whelchel,QB,,SDG,,,0,0,0,,,,,,,,,,,,,Massachusetts
163,1965,6,76,John Huarte,QB,22,PHI,1966,1972,0,0,0,1,24,1,0-1-0,19,48,230,1,5,12,52,0,Notre Dame
164,1965,8,100,John Hankinson,QB,,MIN,,,0,0,0,,,,,,,,,,,,,Minnesota
165,1965,13,103,Charlie Green,QB,22,BOS,1966,1966,0,0,0,0,14,0,,2,2,17,0,0,,,,Wittenberg
166,1965,9,125,Gary Lane,QB,22,CLE,1966,1968,0,0,0,1,18,1,0-1-0,21,43,254,2,1,2,21,0,Missouri
167,1965,10,139,Pat Screen,QB,,CLE,,,0,0,0,,,,,,,,,,,,,LSU
168,1965,14,195,Dan Simrell,QB,,CLE,,,0,0,0,,,,,,,,,,,,,Toledo
169,1965,16,224,Steve Tensi,QB,22,BAL,1965,1970,0,0,2,20,56,34,10-23-1,369,862,5558,43,46,47,82,0,Florida St.
170,1965,17,228,Tom LaFramboise,QB,,CHI,,,0,0,0,,,,,,,,,,,,,Louisville
171,1965,18,249,Karl Sweetan,QB,22,DET,1966,1970,0,0,2,9,36,19,6-10-3,269,590,3210,17,34,56,306,2,Wake Forest
172,1965,19,261,Billy Guy Anderson,QB,24,RAM,1967,1967,0,0,0,0,8,0,,,,,,,,,,Tulsa
173,1965,20,267,John Torok,QB,,NYG,,,0,0,0,,,,,,,,,,,,,Arizona St.
174,1965,20,270,Craig Fertig,QB,,PIT,,,0,0,0,,,,,,,,,,,,,USC
175,1965,20,277,George Wilson,QB,22,DET,1966,1966,0,0,1,5,14,7,2-5-0,46,112,764,5,10,27,137,0,Notre Dame
176,1965,20,280,George Haffner,QB,,BAL,,,0,0,0,,,,,,,,,,,,,McNeese St.
177,1964,1,5,Pete Beathard,QB,22,DET,1964,1973,0,0,3,26,110,35,18-16-1,575,1282,8176,43,84,131,680,11,USC
178,1964,1,7,Bill Munson,QB,23,RAM,1964,1979,0,0,5,48,107,66,27-34-5,1070,1982,12896,84,80,130,548,3,Utah St.
179,1964,2,15,George Mira,QB,22,SFO,1964,1971,0,0,0,10,60,8,5-3-0,148,346,2110,19,20,50,379,0,Miami (FL)
180,1964,2,16,Jack Concannon,QB,21,PHI,1964,1975,0,0,3,26,90,45,20-24-1,560,1110,6270,36,63,217,1026,12,Boston Col.
181,1964,6,81,Henry Schichtle,QB,22,NYG,1964,1964,0,0,0,0,1,0,,,,,,,,,,Wichita St.
182,1964,7,87,Dick Shiner,QB,22,WAS,1964,1974,0,0,2,17,99,29,7-21-1,354,736,4801,36,43,58,161,2,Maryland
183,1964,8,109,Gary Wood,QB,22,NYG,1964,1969,0,0,0,10,63,9,1-8-0,186,400,2575,14,23,75,425,6,Cornell
184,1964,8,112,Larry Rakestraw,QB,22,CHI,1966,1968,0,0,0,3,13,4,0-4-0,51,111,589,4,9,21,49,2,Georgia
185,1964,10,129,Roger Staubach HOF,QB,22,DAL,1969,1979,0,6,8,105,131,114,85-29-0,1685,2958,22700,153,109,410,2264,20,Navy
186,1964,10,131,Ron Smith,QB,22,RAM,1965,1966,0,0,1,5,10,7,2-5-0,79,181,1249,8,12,4,-9,0,Richmond
187,1964,11,142,Bob Berry,QB,22,PHI,1965,1975,0,1,5,38,78,52,20-29-3,661,1173,9197,64,64,109,409,4,Oregon
188,1964,18,143,Ron Calcagno,QB,,OAK,,,0,0,0,,,,,,,,,,,,,Santa Clara
189,1964,13,172,Jerry Rhome,QB,22,DAL,1965,1971,0,0,0,6,71,7,1-5-1,139,280,1628,7,14,26,91,1,Tulsa
190,1964,26,207,Gordon Guest,QB,,OAK,,,0,0,0,,,,,,,,,,,,,Arkansas
191,1964,16,220,Jack Ankerson,QB,,STL,,,0,0,0,,,,,,,,,,,,,Ripon
192,1963,1,1,Terry Baker,QB,22,RAM,1963,1965,0,0,0,6,18,1,0-1-0,12,21,154,0,4,58,210,1,Oregon St.
193,1963,3,39,Dennis Claridge,QB,22,GNB,1965,1966,0,0,0,2,8,3,0-3-0,41,71,484,2,2,7,12,0,Nebraska
194,1963,7,50,Mickey Slaughter,QB,22,DEN,1963,1966,0,0,2,8,40,19,2-15-2,291,584,3607,22,38,70,266,1,Louisiana Tech
195,1963,8,59,Bill King,QB,,NYJ,,,0,0,0,,,,,,,,,,,,,Dartmouth
196,1963,6,81,Dave Mathieson,QB,,CHI,,,0,0,0,,,,,,,,,,,,,Washington St.
197,1963,9,117,Don Trull,QB,21,BAL,1964,1969,0,0,0,16,77,18,4-12-2,276,637,3980,30,28,123,428,14,Baylor
198,1963,10,130,Pete Liske,QB,21,PHI,1964,1972,0,0,3,18,48,29,13-15-1,396,778,5170,30,46,38,141,2,Penn St.
199,1963,17,136,Billy Moore,QB,,KAN,,,0,0,0,,,,,,,,,,,,,Arkansas
200,1963,10,136,Bill Nelsen,QB,22,PIT,1963,1972,0,1,5,53,90,74,40-31-3,963,1905,14165,98,101,84,89,2,USC
201,1963,10,138,Mike Taliaferro,QB,22,NYG,1964,1972,0,1,2,13,82,32,11-20-0,419,966,5241,36,63,46,134,0,Illinois
202,1963,19,151,Pat McCarthy,QB,,BOS,,,0,0,0,,,,,,,,,,,,,Holy Cross
203,1963,21,163,Ron Vander Kelen,QB,23,NYJ,1963,1967,0,0,0,6,29,5,1-4-0,107,252,1375,6,11,26,116,1,Wisconsin
204,1963,12,168,Daryle Lamonica,QB,22,GNB,1963,1974,2,5,7,76,151,88,66-16-6,1288,2601,19154,164,138,166,640,14,Notre Dame
205,1963,22,173,Dave Mathieson,QB,,DEN,,,0,0,0,,,,,,,,,,,,,Washington St.
206,1963,23,177,Jon Anabo,QB,,OAK,,,0,0,0,,,,,,,,,,,,,Fresno St.
207,1962,1,2,Roman Gabriel,QB,22,RAM,1962,1977,1,4,12,98,183,157,86-64-7,2366,4498,29444,201,149,358,1304,30,North Carolina St.
208,1962,1,5,Sandy Stephens,QB,,NYT,,,0,0,0,,,,,,,,,,,,,Minnesota
209,1962,1,10,John Hadl,QB,22,DET,1962,1977,1,6,12,104,224,166,82-76-9,2363,4687,33503,244,268,351,1112,16,Kansas
210,1962,2,18,Sonny Gibbs,QB,22,DAL,1964,1964,0,0,0,0,2,0,,1,3,3,0,1,,,,TCU
211,1962,2,24,Eddie Wilson,QB,22,DET,1962,1965,0,0,1,3,56,2,0-0-2,90,186,1251,5,6,23,59,1,Arizona
212,1962,4,26,John Furman,QB,,DEN,,,0,0,0,,,,,,,,,,,,,Texas-El Paso
213,1962,3,42,John Furman,QB,,CLE,,,0,0,0,,,,,,,,,,,,,Texas-El Paso
214,1962,6,45,Mel Melin,QB,,NYT,,,0,0,0,,,,,,,,,,,,,Washington St.
215,1962,4,54,Glynn Griffing,QB,21,NYG,1963,1963,0,0,0,2,13,0,,16,40,306,3,4,5,20,0,Mississippi
216,1962,10,74,Gale Weidner,QB,,DEN,,,0,0,0,,,,,,,,,,,,,Colorado
217,1962,13,101,Wilburn Hollis,QB,,NYT,,,0,0,0,,,,,,,,,,,,,Iowa
218,1962,9,118,Wilburn Hollis,QB,,STL,,,0,0,0,,,,,,,,,,,,,Iowa
219,1962,9,121,Walt Rappold,QB,,BAL,,,0,0,0,,,,,,,,,,,,,Duke
220,1962,10,140,Gale Weidner,QB,,GNB,,,0,0,0,,,,,,,,,,,,,Colorado
221,1962,19,145,Dennis Spurlock,QB,,OAK,,,0,0,0,,,,,,,,,,,,,Whitworth
222,1962,20,160,Ron Herman,QB,,SDG,,,0,0,0,,,,,,,,,,,,,Bradley
223,1962,24,187,Pat Trammell,QB,,DTX,,,0,0,0,,,,,,,,,,,,,Alabama
224,1962,26,203,Walt Rappold,QB,,DTX,,,0,0,0,,,,,,,,,,,,,Duke
225,1962,26,206,Jimmy Field,QB,,BOS,,,0,0,0,,,,,,,,,,,,,LSU
226,1962,27,216,Mel Rideout,QB,,SDG,,,0,0,0,,,,,,,,,,,,,Richmond
227,1962,18,240,Charlie Furlow,QB,,RAM,,,0,0,0,,,,,,,,,,,,,Mississippi St.
228,1962,18,247,Mel Rideout,QB,,BAL,,,0,0,0,,,,,,,,,,,,,Richmond
229,1962,18,248,Joe Zuger,QB,,DET,,,0,0,0,,,,,,,,,,,,,Arizona St.
230,1962,18,252,Bob Joiner,QB,,GNB,,,0,0,0,,,,,,,,,,,,,Presbyterian
231,1962,19,263,John Anabo,QB,,CLE,,,0,0,0,,,,,,,,,,,,,Fresno St.
232,1962,20,267,Ed Trancygier,QB,,WAS,,,0,0,0,,,,,,,,,,,,,Florida St.
233,1961,1,2,Norm Snead,QB,22,WAS,1961,1976,0,4,12,87,178,159,52-99-7,2276,4353,30797,196,257,212,521,23,Wake Forest
234,1961,1,11,Billy Kilmer,QB,22,SFO,1961,1978,0,1,11,75,170,123,61-52-1,1585,2984,20495,152,146,362,1509,21,UCLA
235,1961,3,29,Fran Tarkenton HOF,QB,21,MIN,1961,1978,1,9,18,149,246,239,124-109-6,3686,6467,47003,342,266,675,3674,32,Georgia
236,1961,3,41,Ron Miller,QB,22,RAM,1962,1962,0,0,0,1,6,1,0-1-0,17,43,250,1,1,3,27,0,Wisconsin
237,1961,6,48,Jake Gibbs,QB,,HOU,,,0,0,0,,,,,,,,,,,,,Mississippi
238,1961,7,50,Paul Terhes,QB,,BOS,,,0,0,0,,,,,,,,,,,,,Bucknell
239,1961,9,68,Lowndes Shingler,QB,,OAK,,,0,0,0,,,,,,,,,,,,,Clemson
240,1961,6,83,Dick Thornton,QB,,STL,,,0,0,0,,,,,,,,,,,,,Northwestern
241,1961,9,125,Jake Gibbs,QB,,CLE,,,0,0,0,,,,,,,,,,,,,Mississippi
242,1961,11,152,Val Keckin,QB,23,GNB,1962,1962,0,0,0,0,6,0,,5,9,64,0,1,1,3,0,Southern Miss
243,1961,12,156,Lowndes Shingler,QB,,DAL,,,0,0,0,,,,,,,,,,,,,Clemson
244,1961,12,160,Howard Dyer,QB,,CHI,,,0,0,0,,,,,,,,,,,,,VMI
245,1961,21,164,Mike Jones,QB,,OAK,,,0,0,0,,,,,,,,,,,,,San Jose St.
246,1961,12,165,Jack Moynihan,QB,,NYG,,,0,0,0,,,,,,,,,,,,,Holy Cross
247,1961,21,166,Dick Thornton,QB,,DTX,,,0,0,0,,,,,,,,,,,,,Northwestern
248,1961,24,189,Howard Dyer,QB,,NYT,,,0,0,0,,,,,,,,,,,,,VMI
249,1961,25,198,Ray Ramsey,QB,,DTX,,,0,0,0,,,,,,,,,,,,,Adams St.
250,1961,26,208,Don Fuell,QB,,HOU,,,0,0,0,,,,,,,,,,,,,Southern Miss
251,1961,27,214,Bob Schloredt,QB,,DTX,,,0,0,0,,,,,,,,,,,,,Washington
252,1961,28,218,Bryant Harvard,QB,,BOS,,,0,0,0,,,,,,,,,,,,,Auburn
253,1961,28,220,Dave Grosz,QB,,OAK,,,0,0,0,,,,,,,,,,,,,Oregon
254,1961,17,230,Terry Nofsinger,QB,23,PIT,1961,1967,0,0,0,1,24,6,1-5-0,118,260,1357,4,12,31,65,3,Utah
255,1961,19,257,Ben Charles,QB,,CHI,,,0,0,0,,,,,,,,,,,,,South Carolina
256,1961,20,267,Mike McFarland,QB,,MIN,,,0,0,0,,,,,,,,,,,,,West. Illinois
257,1961,20,271,Mike Jones,QB,,PIT,,,0,0,0,,,,,,,,,,,,,San Jose St.
258,1960,1,2,George Izo,QB,22,STL,1960,1966,0,0,0,5,26,6,3-3-0,132,317,1791,12,32,10,-23,0,Notre Dame
259,1960,1,4,Richie Lucas,QB,22,WAS,1960,1961,0,0,0,4,22,3,1-3-0,43,99,596,4,7,48,153,2,Penn St.
260,1960,2,15,Warren Rabb,QB,22,DET,1960,1962,0,0,1,6,30,10,6-3-1,101,251,1782,15,16,50,124,3,LSU
261,1960,3,32,Don Meredith,QB,22,CHI,1960,1968,0,3,6,71,104,83,48-33-4,1170,2308,17199,135,111,242,1216,15,SMU
262,1960,4,45,Jack Cummings,QB,,PHI,,,0,0,0,,,,,,,,,,,,,North Carolina
263,1960,5,57,Dick Norman,QB,21,CHI,1961,1961,0,0,0,0,3,0,,,,,,,,,,Stanford
264,1960,6,61,Jacky Lee,QB,21,STL,1960,1969,0,0,1,17,100,23,7-15-1,430,838,6191,46,57,72,218,3,Cincinnati
265,1960,7,83,Bob Waters,QB,22,SFO,1960,1963,0,0,0,5,30,2,0-2-0,59,124,707,3,8,65,281,3,Presbyterian
266,1960,10,109,Charley Johnson,QB,21,STL,1961,1975,0,1,10,79,165,124,59-57-8,1737,3392,24410,170,181,196,539,10,New Mexico St.
267,1960,12,139,Dave Grosz,QB,,PHI,,,0,0,0,,,,,,,,,,,,,Oregon
268,1960,14,160,Charlie Milstead,QB,22,WAS,1960,1961,0,0,1,0,22,0,,4,7,43,0,0,3,3,0,Texas A&M
269,1960,16,188,Jim Walden,QB,,CLE,,,0,0,0,,,,,,,,,,,,,Wyoming
270,1960,20,231,Dean Look,QB,23,DET,1962,1962,0,0,0,0,1,0,,0,1,0,0,1,2,9,0,Michigan St.
271,1959,1,1,Randy Duncan,QB,22,GNB,1961,1961,0,0,0,2,14,2,1-1-0,25,67,361,1,3,5,42,0,Iowa
272,1959,1,4,Don Allard,QB,23,WAS,1961,1962,0,0,0,0,5,0,,,,,,,,,,Boston Col.
273,1959,1,10,Lee Grosscup,QB,22,NYG,1960,1962,0,0,0,4,16,4,1-3-0,73,173,1086,10,12,13,73,0,Utah
274,1959,2,16,Buddy Humphrey,QB,23,RAM,1959,1966,0,0,0,3,26,5,0-5-0,87,175,1094,4,12,4,11,0,Baylor
275,1959,4,39,Jim Grazione,QB,,PHI,,,0,0,0,,,,,,,,,,,,,Villanova
276,1959,7,79,Mitch Ogiego,QB,,WAS,,,0,0,0,,,,,,,,,,,,,Iowa
277,1959,8,87,Bob Ptacek,QB,22,CLE,1959,1959,0,0,0,0,12,0,,,,,,,3,13,0,Michigan
278,1959,12,144,Dick Wood,QB,23,BAL,1962,1966,0,0,3,17,60,33,13-19-2,522,1194,7153,51,71,26,45,4,Auburn
279,1959,18,209,Joe Kapp,QB,21,WAS,1967,1970,0,1,4,23,51,48,24-21-3,449,918,5911,40,64,119,611,5,California
280,1959,21,247,Johnny Green,QB,21,PIT,1960,1963,0,0,3,10,30,19,8-11-0,275,618,3921,26,34,52,79,6,Tenn-Chattanooga
281,1959,23,275,Frank Kremblas,QB,,NYG,,,0,0,0,,,,,,,,,,,,,Ohio St.
282,1959,25,291,Dick Jamieson,QB,21,PHI,1960,1961,0,0,0,2,14,1,1-0-0,35,70,586,6,2,2,10,0,Bradley
283,1958,1,1,King Hill,QB,21,CRD,1958,1969,0,0,6,22,123,29,7-22-1,429,881,5553,37,71,88,308,9,Rice
284,1958,4,40,Dan Nolan,QB,,WAS,,,0,0,0,,,,,,,,,,,,,Lehigh
285,1958,4,49,Jim Ninowski,QB,22,CLE,1958,1969,0,0,2,27,89,31,15-15-1,513,1048,7133,34,67,92,367,10,Michigan St.
286,1958,5,51,Joe Francis,QB,22,GNB,1958,1959,0,0,0,0,24,1,0-1-0,20,49,266,2,3,26,158,1,Oregon St.
287,1958,5,54,Jim Van Pelt,QB,,WAS,,,0,0,0,,,,,,,,,,,,,Michigan
288,1958,5,55,Frank Ryan,QB,22,RAM,1958,1970,0,3,6,77,126,87,57-27-3,1090,2133,16042,149,111,310,1358,6,Rice
289,1958,10,115,Al Jacks,QB,,RAM,,,0,0,0,,,,,,,,,,,,,Penn St.
290,1958,12,144,Bob Brodhead,QB,21,CLE,1960,1960,0,0,0,1,4,1,1-0-0,7,25,75,0,3,15,100,0,Duke
291,1958,13,148,Mickey Trimarki,QB,,PHI,,,0,0,0,,,,,,,,,,,,,West Virginia
292,1958,13,150,Ken (Model-T) Ford,QB,,WAS,,,0,0,0,,,,,,,,,,,,,Hardin-Simmons
293,1958,20,237,Tom Forrestal,QB,,BAL,,,0,0,0,,,,,,,,,,,,,Navy
294,1957,1,3,John Brodie,QB,22,SFO,1957,1973,1,2,13,99,201,158,74-77-8,2469,4491,31548,214,224,235,1167,22,Stanford
295,1957,1,5,Len Dawson HOF,QB,22,PIT,1957,1975,2,7,12,110,211,159,94-57-8,2136,3741,28711,239,183,294,1293,9,Purdue
296,1957,2,17,Milt Plum,QB,22,CLE,1957,1969,0,2,7,53,129,103,56-41-6,1306,2419,17536,122,127,217,531,13,Penn St.
297,1957,3,37,Ronnie Knox,QB,22,CHI,1957,1957,0,0,0,0,1,0,,,,,,,,,,UCLA
298,1957,4,38,Bobby Cox,QB,,RAM,,,0,0,0,,,,,,,,,,,,,Minnesota
299,1957,4,43,Sonny Jurgensen HOF,QB,23,PHI,1957,1974,2,5,10,107,218,147,69-73-7,2433,4262,32224,255,189,181,493,15,Duke
300,1957,7,85,Chuck Curtis,QB,,NYG,,,0,0,0,,,,,,,,,,,,,TCU
1,1957,12,141,Wade Mitchell,QB,,WAS,,,0,0,0,,,,,,,,,,,,,Georgia Tech
2,1957,17,199,Corny Salvaterra,QB,,PIT,,,0,0,0,,,,,,,,,,,,,Pittsburgh
3,1957,17,203,Jack Kemp,QB,22,DET,1957,1969,2,7,8,70,122,105,65-37-3,1436,3073,21218,114,183,356,1150,40,Occidental
4,1957,19,222,Kenny Ploen,QB,,CLE,,,0,0,0,,,,,,,,,,,,,Iowa
5,1957,22,255,Ronnie Quillian,QB,,GNB,,,0,0,0,,,,,,,,,,,,,Tulane
6,1957,22,258,Bob Winters,QB,,CLE,,,0,0,0,,,,,,,,,,,,,Utah St.
7,1957,25,294,Tom Dimitroff,QB,22,CLE,1960,1960,0,0,0,0,3,0,,0,2,0,0,0,,,,Miami (OH)
8,1956,1,2,Earl Morrall,QB,22,SFO,1956,1976,2,2,9,68,255,102,63-36-3,1379,2689,20809,161,148,235,878,8,Michigan St.
9,1956,3,31,John Roach,QB,23,CRD,1956,1964,0,0,2,12,64,20,7-11-1,182,413,2765,24,37,42,99,2,SMU
10,1956,3,36,Fred Wyant,QB,22,WAS,1956,1956,0,0,0,0,10,0,,1,2,17,0,0,,,,West Virginia
11,1956,12,144,Em Lindbeck,QB,,RAM,,,0,0,0,,,,,,,,,,,,,Illinois
12,1956,15,175,John Polzer,QB,,BAL,,,0,0,0,,,,,,,,,,,,,Virginia
13,1956,15,179,Tom Spiers,QB,,CRD,,,0,0,0,,,,,,,,,,,,,Arkansas St.
14,1956,16,184,George Herring,QB,23,SFO,1960,1961,0,0,2,0,28,3,0-4-0,102,233,1297,5,23,15,74,2,Southern Miss
15,1956,16,186,George Welsh,QB,,CRD,,,0,0,0,,,,,,,,,,,,,Navy
16,1956,17,200,Bart Starr HOF,QB,22,GNB,1956,1971,1,4,13,90,196,157,94-57-6,1808,3149,24718,152,138,247,1308,15,Alabama
17,1956,17,203,Eagle Day,QB,23,WAS,1959,1960,0,0,1,3,16,1,0-1-0,15,32,194,0,2,6,28,0,Mississippi
18,1956,17,205,Eddie West,QB,,CLE,,,0,0,0,,,,,,,,,,,,,North Carolina St.
19,1956,18,207,John Stephans,QB,,PIT,,,0,0,0,,,,,,,,,,,,,Holy Cross
20,1956,23,268,Pete Neft,QB,,PIT,,,0,0,0,,,,,,,,,,,,,Pittsburgh
21,1956,24,283,Bobby Fox,QB,,BAL,,,0,0,0,,,,,,,,,,,,,Texas A&M-Commerce
22,1956,27,315,Jerry Gustafson,QB,,SFO,,,0,0,0,,,,,,,,,,,,,Stanford
23,1956,28,330,Jim Miller,QB,,CRD,,,0,0,0,,,,,,,,,,,,,Wisconsin
24,1956,28,331,John Shearer,QB,,BAL,,,0,0,0,,,,,,,,,,,,,Shepherd
25,1956,28,332,Bobby Lance,QB,,GNB,,,0,0,0,,,,,,,,,,,,,Florida
26,1956,30,355,Rod Hermes,QB,,GNB,,,0,0,0,,,,,,,,,,,,,Beloit
27,1955,1,1,George Shaw,QB,22,BAL,1955,1962,0,0,1,9,71,31,11-16-2,405,802,5829,41,63,130,431,6,Oregon
28,1955,1,4,Ralph Guglielmi,QB,22,WAS,1955,1963,0,0,1,13,66,27,7-16-3,292,626,4119,24,52,177,633,2,Notre Dame
29,1955,7,74,Dave Leggett,QB,21,CRD,1955,1955,0,0,0,0,4,0,,0,1,0,0,0,,,,Ohio St.
30,1955,9,102,Johnny Unitas HOF,QB,22,PIT,1956,1973,5,10,14,114,211,185,118-64-4,2830,5186,40239,290,253,450,1777,13,Louisville
31,1955,11,126,Vic Eaton,QB,22,PIT,1955,1955,0,0,1,0,12,0,,0,2,0,0,0,,,,Missouri
32,1955,13,157,John Borton,QB,22,CLE,1957,1957,0,0,0,0,5,0,,3,6,22,0,1,,,,Ohio St.
33,1955,16,185,Charlie Brackins,QB,23,GNB,1955,1955,0,0,0,0,7,0,,0,2,0,0,0,,,,Prairie View
34,1955,22,261,Pete Vann,QB,,SFO,,,0,0,0,,,,,,,,,,,,,Army
35,1954,1,1,Bobby Garrett,QB,22,CLE,1954,1954,0,0,0,0,9,0,,15,30,143,0,1,1,-3,0,Stanford
36,1954,1,2,Lamar McHan,QB,21,CRD,1954,1963,0,0,6,9,113,70,24-47-2,610,1442,9449,73,108,239,849,12,Arkansas
37,1954,1,5,Cotton Davidson,QB,22,BAL,1954,1968,0,2,5,41,111,53,20-33-1,770,1752,11760,73,108,129,533,11,Baylor
38,1954,8,86,Paul Larson,QB,22,CRD,1957,1960,0,0,0,0,6,0,,6,14,61,0,1,8,12,0,California
39,1954,27,316,Bob Clatterbuck,QB,22,NYG,1954,1960,0,0,0,1,18,4,2-2-0,77,149,1032,8,9,26,-10,1,Houston
40,1954,27,319,Tom Yewcic,QB,22,PIT,1961,1966,0,0,5,11,77,5,3-2-0,87,206,1374,12,12,72,424,4,Michigan St.
41,1954,30,354,Jim Haluska,QB,21,CHI,1956,1956,0,0,0,0,5,0,,1,4,8,0,0,,,,Wisconsin
42,1953,1,3,Jack Scarbath,QB,23,WAS,1953,1956,0,0,1,0,29,11,6-9-0,101,279,1868,18,30,43,153,0,Maryland
43,1953,1,5,Ted Marchibroda,QB,22,PIT,1953,1957,0,0,1,0,30,11,4-7-0,172,385,2169,16,29,50,176,3,Detroit Mercy
44,1953,2,17,Zeke Bratkowski,QB,21,CHI,1954,1971,0,0,3,20,132,49,16-30-1,762,1484,10345,65,122,92,308,5,Georgia
45,1953,2,22,Eddie Crowder,QB,,NYG,,,0,0,0,,,,,,,,,,,,,Oklahoma
46,1953,2,24,Rudy Bukich,QB,21,RAM,1953,1968,0,0,2,30,103,41,21-14-3,626,1190,8433,61,74,112,109,9,USC
47,1953,3,28,Dale Samuels,QB,,CRD,,,0,0,0,,,,,,,,,,,,,Purdue
48,1953,9,104,Hal Ledyard,QB,22,SFO,1953,1953,0,0,0,0,10,0,,0,9,0,0,1,1,3,0,Tenn-Chattanooga
49,1953,10,116,Charlie Maloy,QB,,NYG,,,0,0,0,,,,,,,,,,,,,Holy Cross
50,1953,18,217,Ed Mioduszewski,QB,21,DET,1953,1953,0,0,0,0,12,1,0-1-0,11,30,113,2,2,3,33,0,William & Mary
51,1953,19,229,Paul Held,QB,24,DET,1954,1955,0,0,1,0,10,0,,26,77,332,1,6,4,11,0,San Jose St.
52,1953,23,268,Jim Root,QB,22,CRD,1953,1956,0,0,1,0,20,8,1-6-1,108,249,1482,11,16,43,57,3,Miami (OH)
53,1953,30,353,Bill Brehany,QB,,CHI,,,0,0,0,,,,,,,,,,,,,VMI
54,1952,1,1,Billy Wade,QB,21,RAM,1954,1966,0,2,8,48,128,85,40-43-2,1370,2523,18530,124,134,318,1334,24,Vanderbilt
55,1952,1,4,Babe Parilli,QB,22,GNB,1952,1969,1,3,9,60,189,101,49-46-7,1552,3330,22681,178,220,383,1522,23,Kentucky
56,1952,1,12,Harry Agganis,QB,,CLE,,,0,0,0,,,,,,,,,,,,,Boston Univ.
57,1952,3,26,Don Klosterman,QB,22,CLE,1952,1952,0,0,0,0,2,0,,3,10,47,0,3,1,-9,0,Loyola Marymount
58,1952,3,31,Al Dorow,QB,22,WAS,1954,1962,0,2,3,26,69,45,19-25-0,572,1207,7708,64,93,248,1150,16,Michigan St.
59,1952,3,35,Don Heinrich,QB,21,NYG,1954,1962,0,0,0,1,56,34,20-12-2,164,406,2287,17,23,27,24,5,Washington
60,1952,6,68,Ed Brown,QB,23,CHI,1954,1965,0,2,10,37,154,96,55-38-5,949,1987,15600,102,138,265,960,14,San Francisco
61,1952,8,93,Tom Dublinski,QB,22,DET,1952,1960,0,0,0,0,29,5,4-1-0,93,177,1300,8,13,28,118,1,Utah
62,1952,13,155,Pat Brady,QB,26,NYG,1952,1954,0,0,3,0,36,0,,1,4,14,0,0,,,,Nevada
63,1952,17,194,Dick Horn,QB,22,DTX,1958,1958,0,0,0,0,5,0,,,,,,,,,,Stanford
64,1952,18,212,Tommy O'Connell,QB,21,CHI,1953,1961,0,1,2,3,45,21,11-7-2,204,423,3261,21,34,61,72,4,Illinois
65,1952,19,222,Gary Kerkorian,QB,22,PIT,1952,1956,0,0,2,0,32,10,3-7-0,139,259,1862,12,18,30,76,2,Stanford
66,1951,1,2,Bob Williams,QB,21,CHI,1951,1955,0,0,1,0,29,7,3-4-0,74,160,981,10,12,29,112,0,Notre Dame
67,1951,8,97,Fred Benners,QB,21,NYG,1952,1952,0,0,0,0,6,0,,25,58,320,0,5,5,16,0,SMU
68,1951,30,357,John (Model-T) Ford,QB,,PHI,,,0,0,0,,,,,,,,,,,,,Hardin-Simmons
69,1950,1,2,Adrian Burk,QB,22,BAL,1950,1956,0,2,7,0,82,42,15-23-3,500,1079,7001,61,89,122,324,7,Baylor
70,1950,1,7,Travis Tidwell,QB,25,NYG,1950,1951,0,0,0,0,14,4,3-0-1,33,76,493,5,7,40,147,2,Auburn
71,1950,2,17,Tobin Rote,QB,22,GNB,1950,1966,1,2,9,16,149,116,48-63-4,1329,2907,18850,148,191,635,3128,37,Rice
72,1950,3,36,Steve Romanik,QB,26,CHI,1950,1954,0,0,0,0,38,14,6-7-0,179,433,2556,13,36,27,35,3,Villanova
73,1950,10,123,Eddie LeBaron,QB,20,WAS,1952,1963,0,4,9,20,134,85,26-52-3,898,1796,13399,104,141,202,650,9,Pacific
74,1950,10,127,Bob Celeri,QB,23,SFO,1951,1952,0,0,2,0,19,11,1-9-1,133,313,2287,15,18,53,242,0,California
75,1950,18,225,Arnie Galiffa,QB,23,GNB,1953,1954,0,0,0,0,7,1,0-1-0,7,25,183,1,5,6,3,0,Army
76,1950,19,247,Butch Songin,QB,26,CLE,1960,1962,0,0,1,17,35,20,8-11-1,327,694,4347,38,31,23,90,2,Boston Col.
77,1950,24,307,Bob Gambold,QB,21,CRD,1953,1953,0,0,0,0,3,0,,6,14,107,0,2,2,-2,0,Washington St.
78,1949,1,2,John Rauch,QB,22,DET,1949,1951,0,0,0,0,27,3,0-3-0,70,170,959,8,9,12,84,1,Georgia
79,1949,1,5,Stan Heath,QB,22,GNB,1949,1949,0,0,0,0,12,1,,26,106,355,1,14,10,25,1,Nevada
80,1949,1,7,Bobby Thomason,QB,21,RAM,1949,1957,0,3,4,0,85,44,19-22-1,687,1346,9480,68,90,94,290,6,VMI
81,1949,1,9,Frank Tripucka,QB,21,PHI,1949,1963,0,1,4,19,75,56,17-32-1,879,1745,10282,69,124,43,101,6,Notre Dame
82,1949,2,13,Bob DeMoss,QB,22,NYY,1949,1949,0,0,0,0,3,0,,6,18,60,0,2,5,1,0,Purdue
83,1949,4,37,Norm Van Brocklin HOF,QB,23,RAM,1949,1960,1,9,11,17,140,101,61-36-4,1553,2895,23611,173,178,102,40,11,Oregon
84,1949,4,41,Don Panciera,QB,22,PHI,1949,1952,0,0,1,0,26,13,0-1-0,86,246,1383,10,25,14,2,0,San Francisco
85,1949,12,116,Jim Finks HOF,QB,22,PIT,1949,1955,0,1,5,0,79,45,18-27-0,661,1382,8622,55,88,118,294,12,Tulsa
86,1949,12,119,George Blanda HOF,QB,21,CHI,1949,1975,1,4,24,95,340,106,53-50-1,1911,4007,26920,236,277,135,344,9,Kentucky
87,1949,25,248,Nick Sebek,QB,21,WAS,1950,1950,0,0,0,0,2,0,,0,3,0,0,2,,,,Indiana
88,1948,1,1,Harry Gilmer,QB,22,WAS,1948,1956,0,2,1,0,76,14,0-10-0,263,579,3786,23,45,201,923,1,Alabama
89,1948,1,3,Bobby Layne HOF,QB,21,CHI,1948,1962,2,6,14,20,175,145,80-51-4,1814,3700,26768,196,243,611,2451,25,Texas
90,1948,1,6,Y.A. Tittle HOF,QB,21,DET,1948,1964,3,7,13,44,204,152,78-52-5,2427,4395,33070,242,248,372,1245,39,LSU
91,1948,3,22,Paul Campbell,QB,,PHI,,,0,0,0,,,,,,,,,,,,,Texas
92,1948,7,47,Fred Enke,QB,23,DET,1948,1954,0,0,3,0,68,26,3-6-0,297,689,4169,31,53,170,640,1,Arizona
93,1948,8,65,Jim Camp,QB,24,CRD,1948,1948,0,0,0,0,12,3,,,,,,,8,43,0,North Carolina
94,1948,11,93,Gil Johnson,QB,24,PHI,1949,1949,0,0,0,0,9,0,,12,36,179,0,5,3,21,0,SMU
95,1948,13,111,Perry Moss,QB,22,GNB,1948,1948,0,0,0,0,6,1,,4,17,20,0,0,5,2,0,Illinois
96,1948,16,139,George Ratterman,QB,21,BOS,1947,1956,0,0,4,0,92,46,9-8-1,737,1396,10473,91,96,106,49,14,Notre Dame
97,1948,25,231,Stan Heath,QB,,GNB,,,0,0,0,,,,,,,,,,,,,Nevada
98,1947,1,6,Ernie Case,QB,27,GNB,1947,1947,0,0,0,0,14,10,,4,11,49,0,1,1,0,0,UCLA
99,1947,3,18,Ermal Allen,QB,28,CRD,1947,1947,0,0,0,0,12,0,,4,13,88,0,0,7,11,0,Kentucky
100,1947,3,19,Bill Mackrides,QB,22,PHI,1947,1953,0,0,0,0,46,4,2-1-0,131,315,1583,15,28,70,124,3,Nevada
101,1947,12,101,Charley Sarratt,QB,24,CRD,1948,1948,0,0,0,0,8,1,,1,1,48,0,0,3,3,0,Oklahoma
102,1947,14,121,Al Johnson,QB,25,PHI,1948,1948,0,0,0,0,5,0,,,,,,,,,,Hardin-Simmons
103,1946,1,1,Boley Dancewicz,QB,21,BOS,1946,1948,0,0,1,0,23,2,,96,238,1551,12,29,65,229,2,Notre Dame
104,1946,1,4,Johnny Lujack,QB,21,CHI,1948,1951,1,2,4,0,45,28,13-6-0,404,808,6295,41,54,133,742,21,Notre Dame
105,1946,3,19,Frank Broyles,QB,,CHI,,,0,0,0,,,,,,,,,,,,,Georgia Tech
106,1945,1,8,Jim Hardy,QB,22,WAS,1946,1952,0,1,1,0,69,21,4-11-0,423,912,5690,54,73,52,72,2,USC
107,1945,2,14,Paul Collins,QB,22,CRD,1945,1945,0,0,0,0,3,1,,3,17,43,0,2,10,13,0,Missouri
108,1945,13,127,Charlie Conerly,QB,23,WAS,1948,1961,0,2,13,6,161,105,58-31-1,1418,2833,19488,173,167,270,685,10,Mississippi
109,1945,17,172,Nick Sacrinty,QB,21,CHI,1947,1947,0,0,0,0,11,0,,15,48,299,5,3,4,4,0,Wake Forest
110,1945,18,176,Charley Eikenberg,QB,21,BOS,1948,1948,0,0,0,0,9,1,,6,19,116,3,2,2,9,0,Rice
111,1945,19,194,Clyde LeForce,QB,22,DET,1947,1949,0,0,0,0,32,5,,197,388,2961,25,37,59,287,2,Tulsa
112,1945,21,218,Sam Vacanti,QB,23,NYG,1947,1949,0,0,1,0,39,16,,154,368,2338,18,32,25,8,3,Nebraska
113,1944,1,1,Angelo Bertelli,QB,23,BOS,1946,1948,0,0,0,0,16,5,,76,166,972,8,19,14,-15,1,Notre Dame
114,1944,1,4,Otto Graham HOF,QB,22,DET,1946,1955,7,5,10,0,126,114,57-13-1,1464,2626,23584,174,135,405,882,44,Northwestern
115,1944,5,42,Bob Waterfield HOF,QB,24,RAM,1945,1952,3,2,8,0,91,57,14-8-0,814,1617,11849,97,128,75,21,13,UCLA
116,1944,6,44,Bill Garnaas,QB,22,CRD,1946,1948,0,0,0,0,26,3,,,,,,,,,,Minnesota
117,1944,7,63,Jesse Freitas,QB,23,CHP,1946,1949,0,0,1,0,31,9,,123,253,1884,21,27,39,8,0,Santa Clara
118,1944,8,66,Red Cochran,QB,22,CRD,1947,1949,0,0,1,0,36,8,,0,2,0,0,0,37,138,2,Wake Forest
119,1944,12,114,Tommy Mont,QB,22,NYG,1947,1949,0,0,0,0,27,2,,15,35,201,2,2,26,185,1,Maryland
120,1944,15,149,Jim Gaffney,QB,23,WAS,1945,1946,0,0,0,0,12,5,,,,,,,26,90,0,Tennessee
121,1944,16,161,Buckets Hirsch,QB,23,CHI,1947,1949,0,0,0,0,34,2,,,,,,,4,7,0,Northwestern
122,1943,1,4,Paul Governali,QB,22,BKN,1946,1948,0,0,2,0,32,5,,218,500,3348,31,33,79,-83,4,Columbia
123,1942,1,10,Frankie Albert,QB,22,CHI,1946,1952,0,1,7,0,90,68,13-16-1,831,1564,10795,115,98,329,1272,27,Stanford
124,1942,2,12,Jack Jacobs,QB,23,RAM,1942,1949,0,0,2,0,55,23,,244,552,3268,27,49,94,140,2,Oklahoma
125,1942,3,16,Ken Casanega,QB,21,PIT,1946,1948,0,0,0,0,15,5,,,,,,,29,90,1,Santa Clara
126,1942,3,19,Bud Schwenk,QB,25,CRD,1942,1948,0,0,2,0,37,11,,315,662,3924,23,50,145,376,4,Washington (MO)
127,1942,11,99,Tom Farris,QB,21,GNB,1946,1948,0,0,0,0,33,3,,11,32,132,1,5,17,-9,0,Wisconsin
128,1941,2,13,Paul Christman,QB,23,CRD,1945,1950,0,0,4,0,61,24,,504,1140,7294,58,76,85,-26,8,Missouri
129,1941,5,39,Charlie O'Rourke,QB,24,CHI,1942,1949,0,0,4,0,58,19,,256,506,4039,39,51,96,103,4,Boston Col.
130,1941,10,83,Ray Mallouf,QB,23,CRD,1941,1949,0,0,4,0,48,10,,159,325,2504,20,16,66,139,1,SMU
131,1941,13,113,Russ Cotton,QB,26,PIT,1942,1942,0,0,0,0,11,0,,,,,,,,,,Texas-El Paso
132,1941,17,159,Bill Glenn,QB,23,CHI,1944,1944,0,0,0,0,2,0,,1,4,22,0,0,1,1,0,East. Illinois
133,1941,20,188,Jack Odle,QB,,CHI,,,0,0,0,,,,,,,,,,,,,TCU
134,1940,7,58,Roy Zimmerman,QB,22,WAS,1940,1948,0,1,6,0,84,49,,299,703,4801,44,70,200,244,6,San Jose St.
135,1940,20,187,Young Bussey,QB,22,CHI,1941,1941,0,1,0,0,10,0,,13,40,353,5,3,13,-27,0,LSU
136,1939,1,2,Sid Luckman HOF,QB,22,CHI,1939,1950,5,3,10,0,128,62,,904,1744,14686,137,132,204,-239,4,Columbia
137,1939,1,4,Davey O'Brien,QB,22,PHI,1939,1940,0,1,2,0,22,19,,223,478,2614,11,34,208,-194,2,TCU
138,1939,6,49,Larry Craig,QB,23,GNB,1939,1949,0,3,9,0,121,76,,,,,,,10,16,0,South Carolina
139,1939,14,126,Anton Stolfa,QB,22,CHI,1939,1939,0,0,0,0,1,0,,,,,,,,,,Luther
140,1939,15,134,Foster Watkins,QB,21,PHI,1940,1941,0,0,0,0,20,1,,34,95,627,2,3,29,-65,0,West Texas A&M
141,1939,17,153,Mike Perrie,QB,,RAM,1939,1939,0,0,0,0,2,0,,,,,,,,,,St. Mary's (CA)
142,1939,18,166,Solly Sherman,QB,21,CHI,1939,1940,0,1,0,0,14,3,,3,8,58,1,0,11,5,0,Chicago
143,1937,1,6,Sammy Baugh HOF,QB,23,WAS,1937,1952,4,6,15,0,165,83,11-10-0,1693,2995,21886,187,203,324,325,9,TCU
144,1937,5,44,Mickey Kobrosky,QB,22,NYG,1937,1937,0,0,0,0,7,0,,2,13,18,0,2,13,41,0,Trinity (CT)
